Time,TSLA,AAPL,AMZN
02-Jan-2014,30.02,19.754642,397.970001
03-Jan-2014,29.912001,19.320715,396.440002
06-Jan-2014,29.4,19.426071,393.630005
07-Jan-2014,29.872,19.287144,398.029999
08-Jan-2014,30.256001,19.409286,401.920013
09-Jan-2014,29.506001,19.161428,401.01001
10-Jan-2014,29.143999,19.033571,397.660004
13-Jan-2014,27.868,19.133215,390.980011
14-Jan-2014,32.254002,19.513929,397.540009
15-Jan-2014,32.826,19.905714,395.869995
16-Jan-2014,34.194,19.794643,395.799988
17-Jan-2014,34.001999,19.309643,399.609985
21-Jan-2014,35.335999,19.609644,407.049988
22-Jan-2014,35.712002,19.696787,404.540009
23-Jan-2014,36.299999,19.863571,399.869995
24-Jan-2014,34.919998,19.502501,387.600006
27-Jan-2014,33.924,19.660713,386.279999
28-Jan-2014,35.675999,18.089287,394.429993
29-Jan-2014,35.046001,17.883928,384.200012
30-Jan-2014,36.568001,17.849285,403.01001
31-Jan-2014,36.282001,17.878571,358.690002
03-Feb-2014,35.422001,17.911785,346.149994
04-Feb-2014,35.745998,18.17107,347.950012
05-Feb-2014,34.883999,18.306786,346.450012
06-Feb-2014,35.675999,18.303928,354.589996
07-Feb-2014,37.306,18.559999,361.079987
10-Feb-2014,39.312,18.8925,360.869995
11-Feb-2014,39.324001,19.14143,361.790009
12-Feb-2014,39.063999,19.139999,349.25
13-Feb-2014,39.925999,19.44393,357.200012
14-Feb-2014,39.646,19.428213,357.350006
18-Feb-2014,40.740002,19.499643,353.649994
19-Feb-2014,38.728001,19.191786,347.380005
20-Feb-2014,41.993999,18.969643,349.799988
21-Feb-2014,41.919998,18.758928,346.76001
24-Feb-2014,43.529999,18.84107,351.779999
25-Feb-2014,49.599998,18.645,358.320007
26-Feb-2014,50.599998,18.476786,359.799988
27-Feb-2014,50.507999,18.845358,360.130005
28-Feb-2014,48.962002,18.794287,362.100006
03-Mar-2014,50.112,18.848572,359.779999
04-Mar-2014,50.967999,18.972857,363.899994
05-Mar-2014,50.532001,19.012857,372.369995
06-Mar-2014,50.588001,18.955357,372.160004
07-Mar-2014,49.242001,18.944286,372.059998
10-Mar-2014,47.768002,18.96143,370.529999
11-Mar-2014,46.882,19.14607,368.820007
12-Mar-2014,48.298,19.164642,370.640015
13-Mar-2014,47.557999,18.951786,371.51001
14-Mar-2014,46.194,18.73893,373.73999
17-Mar-2014,46.796001,18.812143,375.040009
18-Mar-2014,48.007999,18.978571,378.769989
19-Mar-2014,47.167999,18.973572,373.230011
20-Mar-2014,46.981998,18.882143,368.970001
21-Mar-2014,45.778,19.031071,360.619995
24-Mar-2014,44.034,19.256786,351.850006
25-Mar-2014,44.088001,19.463928,354.709991
26-Mar-2014,42.591999,19.277857,343.410004
27-Mar-2014,41.464001,19.195,338.470001
28-Mar-2014,42.473999,19.173571,338.290009
31-Mar-2014,41.689999,19.169287,336.369995
01-Apr-2014,43.394001,19.344643,342.98999
02-Apr-2014,46.057999,19.376785,341.959991
03-Apr-2014,45.080002,19.2425,333.619995
04-Apr-2014,42.445999,18.99357,323
07-Apr-2014,41.504002,18.695356,317.76001
08-Apr-2014,43.091999,18.694286,327.070007
09-Apr-2014,43.386002,18.940001,331.809998
10-Apr-2014,40.838001,18.695715,317.109985
11-Apr-2014,40.756001,18.557501,311.730011
14-Apr-2014,39.618,18.63143,315.910004
15-Apr-2014,38.782001,18.498571,316.079987
16-Apr-2014,39.821999,18.536072,323.679993
17-Apr-2014,39.624001,18.747856,324.910004
21-Apr-2014,40.875999,18.970358,330.869995
22-Apr-2014,43.728001,18.989286,329.320007
23-Apr-2014,41.598,18.741072,324.579987
24-Apr-2014,41.571999,20.2775,337.149994
25-Apr-2014,39.970001,20.42643,303.829987
28-Apr-2014,39.702,21.217501,296.579987
29-Apr-2014,41.383999,21.154642,300.380005
30-Apr-2014,41.577999,21.074642,304.130005
01-May-2014,41.546001,21.124287,307.890015
02-May-2014,42.181999,21.16357,308.01001
05-May-2014,43.321999,21.462856,310.049988
06-May-2014,41.456001,21.22893,297.380005
07-May-2014,40.27,21.154642,292.709991
08-May-2014,35.717999,20.999643,288.320007
09-May-2014,36.452,20.912144,292.23999
12-May-2014,36.933998,21.172501,302.859985
13-May-2014,38.032001,21.205713,304.640015
14-May-2014,38.124001,21.209642,297.619995
15-May-2014,37.717999,21.029285,295.190002
16-May-2014,38.312,21.339643,297.700012
19-May-2014,39.217999,21.592501,296.76001
20-May-2014,39.060001,21.596786,301.190002
21-May-2014,39.889999,21.653929,305.01001
22-May-2014,40.976002,21.688213,304.910004
23-May-2014,41.459999,21.933214,312.23999
27-May-2014,42.312,22.343929,310.820007
28-May-2014,42.048,22.286072,310.160004
29-May-2014,42.048,22.692142,313.779999
30-May-2014,41.554001,22.607143,312.549988
02-Jun-2014,40.939999,22.451786,308.839996
03-Jun-2014,40.987999,22.769285,307.190002
04-Jun-2014,40.798,23.029285,306.779999
05-Jun-2014,41.380001,23.119642,323.570007
06-Jun-2014,41.633999,23.05607,329.670013
09-Jun-2014,41.062,23.424999,327.5
10-Jun-2014,40.459999,23.5625,332.410004
11-Jun-2014,40.894001,23.465,335.200012
12-Jun-2014,40.703999,23.0725,325.910004
13-Jun-2014,41.284,22.82,326.269989
16-Jun-2014,44.922001,23.049999,327.619995
17-Jun-2014,46.334,23.02,325.619995
18-Jun-2014,45.424,23.045,334.380005
19-Jun-2014,45.557999,22.965,327
20-Jun-2014,45.917999,22.727501,324.200012
23-Jun-2014,47.444,22.7075,327.23999
24-Jun-2014,46.5,22.57,324.160004
25-Jun-2014,47.377998,22.59,327.440002
26-Jun-2014,47.119999,22.725,325.690002
27-Jun-2014,47.812,22.995001,324.570007
30-Jun-2014,48.012001,23.2325,324.779999
01-Jul-2014,47.944,23.379999,332.390015
02-Jul-2014,45.886002,23.370001,332.850006
03-Jul-2014,45.849998,23.5075,337.48999
07-Jul-2014,44.532001,23.9925,333.549988
08-Jul-2014,43.813999,23.8375,323.809998
09-Jul-2014,44.612,23.8475,329.970001
10-Jul-2014,43.891998,23.76,327.920013
11-Jul-2014,43.625999,23.805,346.200012
14-Jul-2014,45.34,24.112499,355.320007
15-Jul-2014,43.916,23.83,354.440002
16-Jul-2014,43.431999,23.695,355.899994
17-Jul-2014,43.080002,23.272499,352.450012
18-Jul-2014,44.004002,23.6075,358.660004
21-Jul-2014,44.108002,23.485001,359.76001
22-Jul-2014,43.916,23.68,360.839996
23-Jul-2014,44.498001,24.297501,358.140015
24-Jul-2014,44.708,24.2575,358.609985
25-Jul-2014,44.714001,24.4175,324.01001
28-Jul-2014,44.964001,24.754999,320.410004
29-Jul-2014,45.001999,24.594999,320
30-Jul-2014,45.784,24.5375,322.51001
31-Jul-2014,44.66,23.9,312.98999
01-Aug-2014,46.653999,24.032499,307.059998
04-Aug-2014,47.703999,23.897499,313.649994
05-Aug-2014,47.698002,23.780001,312.320007
06-Aug-2014,49.785999,23.74,313.890015
07-Aug-2014,50.478001,23.620001,311.450012
08-Aug-2014,49.625999,23.684999,316.799988
11-Aug-2014,51.863998,23.997499,318.329987
12-Aug-2014,51.992001,23.9925,319.320007
13-Aug-2014,52.062,24.309999,326.279999
14-Aug-2014,52.276001,24.375,333.209991
15-Aug-2014,52.402,24.495001,333.630005
18-Aug-2014,51.987999,24.790001,334.529999
19-Aug-2014,51.352001,25.1325,335.130005
20-Aug-2014,51.141998,25.1425,335.779999
21-Aug-2014,50.868,25.145,332.910004
22-Aug-2014,51.355999,25.33,331.589996
25-Aug-2014,52.509998,25.385,334.019989
26-Aug-2014,52.348,25.2225,341.829987
27-Aug-2014,52.650002,25.532499,343.179993
28-Aug-2014,52.771999,25.5625,340.019989
29-Aug-2014,53.939999,25.625,339.040009
02-Sep-2014,56.824001,25.825001,342.380005
03-Sep-2014,56.237999,24.735001,339
04-Sep-2014,57.208,24.530001,345.950012
05-Sep-2014,55.478001,24.7425,346.380005
08-Sep-2014,56.422001,24.59,342.339996
09-Sep-2014,55.695999,24.497499,329.75
10-Sep-2014,56.220001,25.25,331.329987
11-Sep-2014,56.062,25.3575,330.519989
12-Sep-2014,55.84,25.415001,331.190002
15-Sep-2014,50.771999,25.407499,323.890015
16-Sep-2014,52.147999,25.215,327.76001
17-Sep-2014,52.276001,25.395,324
18-Sep-2014,52.764,25.4475,325
19-Sep-2014,51.863998,25.24,331.320007
22-Sep-2014,50.006001,25.264999,324.5
23-Sep-2014,50.082001,25.66,323.630005
24-Sep-2014,50.428001,25.4375,328.209991
25-Sep-2014,49.389999,24.467501,321.929993
26-Sep-2014,49.32,25.1875,323.209991
29-Sep-2014,49.051998,25.0275,321.820007
30-Sep-2014,48.535999,25.1875,322.440002
01-Oct-2014,48.048,24.795,317.459991
02-Oct-2014,50.284,24.975,318.410004
03-Oct-2014,51.042,24.905001,322.73999
06-Oct-2014,52.124001,24.905001,322.200012
07-Oct-2014,51.914001,24.6875,316.980011
08-Oct-2014,51.855999,25.200001,322.700012
09-Oct-2014,51.402,25.254999,315.369995
10-Oct-2014,47.382,25.182501,311.390015
13-Oct-2014,44.917999,24.952499,306.450012
14-Oct-2014,45.411999,24.6875,308.309998
15-Oct-2014,45.939999,24.385,305.970001
16-Oct-2014,45.27,24.065001,302.859985
17-Oct-2014,45.495998,24.4175,303.640015
20-Oct-2014,46.094002,24.940001,306.209991
21-Oct-2014,47.068001,25.6175,315.329987
22-Oct-2014,46.220001,25.747499,312.970001
23-Oct-2014,47.057999,26.2075,313.179993
24-Oct-2014,47.048,26.305,287.059998
27-Oct-2014,44.334,26.2775,289.970001
28-Oct-2014,48.554001,26.684999,295.589996
29-Oct-2014,47.619999,26.834999,294.119995
30-Oct-2014,47.731998,26.745001,299.070007
31-Oct-2014,48.34,27,305.459991
03-Nov-2014,48.518002,27.35,305.720001
04-Nov-2014,47.785999,27.15,302.809998
05-Nov-2014,46.194,27.215,296.519989
06-Nov-2014,48.243999,27.174999,296.640015
07-Nov-2014,48.040001,27.252501,299.859985
10-Nov-2014,48.386002,27.2075,305.109985
11-Nov-2014,50.216,27.424999,312.01001
12-Nov-2014,49.82,27.8125,311.51001
13-Nov-2014,50.34,28.205,316.480011
14-Nov-2014,51.736,28.545,327.820007
17-Nov-2014,50.796001,28.497499,323.049988
18-Nov-2014,51.540001,28.8675,324.929993
19-Nov-2014,49.548,28.6675,326.540009
20-Nov-2014,49.742001,29.077499,330.540009
21-Nov-2014,48.556,29.1175,332.630005
24-Nov-2014,49.344002,29.657499,335.640015
25-Nov-2014,49.618,29.4,335.040009
26-Nov-2014,49.688,29.75,333.570007
28-Nov-2014,48.903999,29.7325,338.640015
01-Dec-2014,46.327999,28.7675,326
02-Dec-2014,46.285999,28.657499,326.309998
03-Dec-2014,45.860001,28.9825,316.5
04-Dec-2014,45.655998,28.872499,316.929993
05-Dec-2014,44.742001,28.75,312.630005
08-Dec-2014,42.872002,28.1,306.640015
09-Dec-2014,43.377998,28.530001,312.5
10-Dec-2014,41.967999,27.987499,305.839996
11-Dec-2014,41.776001,27.905001,307.359985
12-Dec-2014,41.400002,27.432501,307.320007
15-Dec-2014,40.807999,27.057501,306.070007
16-Dec-2014,39.562,26.6875,295.059998
17-Dec-2014,41.164001,27.352501,298.880005
18-Dec-2014,43.652,28.1625,297.730011
19-Dec-2014,43.858002,27.945,299.899994
22-Dec-2014,44.52,28.235001,306.540009
23-Dec-2014,44.194,28.135,306.290009
24-Dec-2014,44.452,28.002501,303.029999
26-Dec-2014,45.563999,28.497499,309.089996
29-Dec-2014,45.141998,28.477501,312.040009
30-Dec-2014,44.445999,28.129999,310.299988
31-Dec-2014,44.481998,27.594999,310.350006
02-Jan-2015,43.862,27.3325,308.519989
05-Jan-2015,42.018002,26.5625,302.190002
06-Jan-2015,42.256001,26.565001,295.290009
07-Jan-2015,42.189999,26.9375,298.420013
08-Jan-2015,42.124001,27.9725,300.459991
09-Jan-2015,41.332001,28.002501,296.929993
12-Jan-2015,40.442001,27.3125,291.410004
13-Jan-2015,40.849998,27.555,294.73999
14-Jan-2015,38.537998,27.450001,293.269989
15-Jan-2015,38.374001,26.705,286.950012
16-Jan-2015,38.613998,26.497499,290.73999
20-Jan-2015,38.386002,27.18,289.440002
21-Jan-2015,39.313999,27.387501,297.25
22-Jan-2015,40.324001,28.1,310.320007
23-Jan-2015,40.257999,28.245001,312.390015
26-Jan-2015,41.310001,28.275,309.660004
27-Jan-2015,41.195999,27.285,306.75
28-Jan-2015,39.874001,28.827499,303.910004
29-Jan-2015,41.040001,29.725,311.779999
30-Jan-2015,40.720001,29.290001,354.529999
02-Feb-2015,42.188,29.657499,364.470001
03-Feb-2015,43.672001,29.6625,363.549988
04-Feb-2015,43.709999,29.889999,364.75
05-Feb-2015,44.198002,29.985001,373.890015
06-Feb-2015,43.472,29.7325,374.279999
09-Feb-2015,43.495998,29.93,370.559998
10-Feb-2015,43.257999,30.504999,373
11-Feb-2015,42.560001,31.219999,375.140015
12-Feb-2015,40.576,31.615,377.170013
13-Feb-2015,40.754002,31.77,381.829987
17-Feb-2015,40.869999,31.9575,375.429993
18-Feb-2015,40.891998,32.18,373.369995
19-Feb-2015,42.341999,32.112499,379
20-Feb-2015,43.422001,32.375,383.660004
23-Feb-2015,41.467999,33.25,380.140015
24-Feb-2015,40.821999,33.0425,378.589996
25-Feb-2015,40.751999,32.197498,385.369995
26-Feb-2015,41.438,32.605,384.799988
27-Feb-2015,40.667999,32.115002,380.160004
02-Mar-2015,39.466,32.272499,385.660004
03-Mar-2015,39.911999,32.34,384.609985
04-Mar-2015,40.487999,32.134998,382.720001
05-Mar-2015,40.125999,31.602501,387.829987
06-Mar-2015,38.776001,31.65,380.089996
09-Mar-2015,38.175999,31.785,378.559998
10-Mar-2015,38.063999,31.127501,369.51001
11-Mar-2015,38.748001,30.559999,366.369995
12-Mar-2015,38.214001,31.112499,374.23999
13-Mar-2015,37.736,30.897499,370.579987
16-Mar-2015,39.139999,31.237499,373.350006
17-Mar-2015,38.945999,31.76,371.920013
18-Mar-2015,40.141998,32.1175,375.140015
19-Mar-2015,39.130001,31.875,373.23999
20-Mar-2015,39.616001,31.475,378.48999
23-Mar-2015,39.925999,31.8025,375.109985
24-Mar-2015,40.344002,31.672501,374.089996
25-Mar-2015,38.860001,30.844999,370.959991
26-Mar-2015,38.082001,31.059999,367.350006
27-Mar-2015,37,30.8125,370.559998
30-Mar-2015,38.113998,31.592501,374.589996
31-Mar-2015,37.754002,31.1075,372.100006
01-Apr-2015,37.518002,31.0625,370.26001
02-Apr-2015,38.200001,31.33,372.25
06-Apr-2015,40.619999,31.8375,377.040009
07-Apr-2015,40.650002,31.502501,374.410004
08-Apr-2015,41.534,31.4,381.200012
09-Apr-2015,42.018002,31.639999,383.540009
10-Apr-2015,42.18,31.775,382.649994
13-Apr-2015,41.956001,31.7125,382.359985
14-Apr-2015,41.492001,31.575001,385.109985
15-Apr-2015,41.566002,31.695,383.450012
16-Apr-2015,41.34,31.5425,386.040009
17-Apr-2015,41.358002,31.1875,375.559998
20-Apr-2015,41.054001,31.9,389.51001
21-Apr-2015,41.882,31.727501,391.179993
22-Apr-2015,43.888,32.154999,389.799988
23-Apr-2015,43.720001,32.4175,389.98999
24-Apr-2015,43.686001,32.57,445.100006
27-Apr-2015,46.310001,33.162498,438.559998
28-Apr-2015,46.096001,32.639999,429.309998
29-Apr-2015,46.490002,32.16,429.369995
30-Apr-2015,45.209999,31.2875,421.779999
01-May-2015,45.206001,32.237499,422.869995
04-May-2015,46.102001,32.174999,423.040009
05-May-2015,46.59,31.450001,421.190002
06-May-2015,46.085999,31.252501,419.100006
07-May-2015,47.360001,31.315001,426.880005
08-May-2015,47.321999,31.905001,433.690002
11-May-2015,47.897999,31.58,432.850006
12-May-2015,48.948002,31.467501,431.019989
13-May-2015,48.636002,31.502501,426.869995
14-May-2015,48.82,32.237499,432.279999
15-May-2015,49.768002,32.192501,426
18-May-2015,49.75,32.547501,425.23999
19-May-2015,49.428001,32.517502,421.709991
20-May-2015,48.869999,32.514999,423.859985
21-May-2015,49.124001,32.8475,431.630005
22-May-2015,49.546001,33.134998,427.630005
26-May-2015,49.492001,32.404999,425.470001
27-May-2015,49.486,33.009998,431.420013
28-May-2015,50.290001,32.945,426.570007
29-May-2015,50.16,32.57,429.230011
01-Jun-2015,49.889999,32.634998,430.920013
02-Jun-2015,49.669998,32.490002,430.98999
03-Jun-2015,49.798,32.529999,436.589996
04-Jun-2015,49.183998,32.34,430.779999
05-Jun-2015,49.827999,32.162498,426.950012
08-Jun-2015,51.257999,31.950001,423.5
09-Jun-2015,51.200001,31.855,425.480011
10-Jun-2015,50.139999,32.220001,430.769989
11-Jun-2015,50.282001,32.147499,432.970001
12-Jun-2015,50.138,31.7925,429.920013
15-Jun-2015,50.076,31.73,423.670013
16-Jun-2015,50.624001,31.9,427.26001
17-Jun-2015,52.082001,31.825001,427.809998
18-Jun-2015,52.377998,31.969999,439.390015
19-Jun-2015,52.501999,31.65,434.920013
22-Jun-2015,51.958,31.9025,436.290009
23-Jun-2015,53.534,31.7575,445.98999
24-Jun-2015,53.034,32.0275,440.839996
25-Jun-2015,53.757999,31.875,440.100006
26-Jun-2015,53.417999,31.6875,438.100006
29-Jun-2015,52.403999,31.1325,429.859985
30-Jun-2015,53.652,31.3575,434.089996
01-Jul-2015,53.830002,31.65,437.390015
02-Jul-2015,56.004002,31.610001,437.709991
06-Jul-2015,55.944,31.5,436.040009
07-Jul-2015,53.576,31.422501,436.720001
08-Jul-2015,50.992001,30.6425,429.700012
09-Jul-2015,51.584,30.0175,434.390015
10-Jul-2015,51.830002,30.82,443.51001
13-Jul-2015,52.431999,31.415001,455.570007
14-Jul-2015,53.130001,31.4025,465.570007
15-Jul-2015,52.627998,31.705,461.190002
16-Jul-2015,53.335999,32.127499,475.480011
17-Jul-2015,54.931999,32.404999,483.01001
20-Jul-2015,56.452,33.017502,488.100006
21-Jul-2015,53.354,32.6875,488
22-Jul-2015,53.574001,31.305,488.269989
23-Jul-2015,53.439999,31.290001,482.179993
24-Jul-2015,53.082001,31.125,529.419983
27-Jul-2015,50.602001,30.692499,531.409973
28-Jul-2015,52.964001,30.844999,526.030029
29-Jul-2015,52.764,30.747499,529
30-Jul-2015,53.358002,30.592501,536.76001
31-Jul-2015,53.23,30.325001,536.150024
03-Aug-2015,51.998001,29.610001,535.030029
04-Aug-2015,53.256001,28.66,531.900024
05-Aug-2015,54.026001,28.85,537.01001
06-Aug-2015,49.226002,28.782499,529.460022
07-Aug-2015,48.501999,28.879999,522.619995
10-Aug-2015,48.228001,29.93,524
11-Aug-2015,47.473999,28.372499,527.460022
12-Aug-2015,47.633999,28.809999,525.909973
13-Aug-2015,48.501999,28.7875,529.659973
14-Aug-2015,48.630001,28.99,531.52002
17-Aug-2015,50.998001,29.290001,535.219971
18-Aug-2015,52.144001,29.125,535.02002
19-Aug-2015,51.049999,28.752501,532.919983
20-Aug-2015,48.436001,28.1625,515.780029
21-Aug-2015,46.153999,26.440001,494.470001
24-Aug-2015,43.773998,25.780001,463.369995
25-Aug-2015,44.006001,25.934999,466.369995
26-Aug-2015,44.967999,27.422501,500.769989
27-Aug-2015,48.598,28.23,518.369995
28-Aug-2015,49.695999,28.3225,518.01001
31-Aug-2015,49.812,28.190001,512.890015
01-Sep-2015,47.726002,26.93,496.540009
02-Sep-2015,49.537998,28.084999,510.549988
03-Sep-2015,49.113998,27.592501,504.720001
04-Sep-2015,48.386002,27.317499,499
08-Sep-2015,49.633999,28.077499,517.539978
09-Sep-2015,49.782001,27.5375,516.890015
10-Sep-2015,49.695999,28.1425,522.23999
11-Sep-2015,50.048,28.5525,529.440002
14-Sep-2015,50.638,28.827499,521.380005
15-Sep-2015,50.714001,29.07,522.369995
16-Sep-2015,52.450001,29.102501,527.390015
17-Sep-2015,52.414001,28.48,538.869995
18-Sep-2015,52.124001,28.362499,540.26001
21-Sep-2015,52.84,28.8025,548.390015
22-Sep-2015,52.188,28.35,538.400024
23-Sep-2015,52.212002,28.58,536.070007
24-Sep-2015,52.624001,28.75,533.75
25-Sep-2015,51.382,28.6775,524.25
28-Sep-2015,49.686001,28.110001,504.059998
29-Sep-2015,49.330002,27.264999,496.070007
30-Sep-2015,49.68,27.575001,511.890015
01-Oct-2015,47.976002,27.395,520.719971
02-Oct-2015,49.514,27.594999,532.539978
05-Oct-2015,49.23,27.695,543.679993
06-Oct-2015,48.292,27.827499,537.47998
07-Oct-2015,46.391998,27.695,541.940002
08-Oct-2015,45.344002,27.375,533.159973
09-Oct-2015,44.138,28.030001,539.799988
12-Oct-2015,43.116001,27.9,550.190002
13-Oct-2015,43.849998,27.9475,548.900024
14-Oct-2015,43.375999,27.5525,544.830017
15-Oct-2015,44.262001,27.965,562.440002
16-Oct-2015,45.402,27.76,570.76001
19-Oct-2015,45.619999,27.932501,573.150024
20-Oct-2015,42.605999,28.442499,560.880005
21-Oct-2015,42.018002,28.440001,555.77002
22-Oct-2015,42.344002,28.875,563.909973
23-Oct-2015,41.818001,29.77,599.030029
26-Oct-2015,43.051998,28.82,608.609985
27-Oct-2015,42.07,28.637501,611.01001
28-Oct-2015,42.591999,29.817499,617.099976
29-Oct-2015,42.326,30.1325,626.549988
30-Oct-2015,41.386002,29.875,625.900024
02-Nov-2015,42.757999,30.295,628.349976
03-Nov-2015,41.669998,30.6425,625.309998
04-Nov-2015,46.326,30.5,640.950012
05-Nov-2015,46.354,30.23,655.650024
06-Nov-2015,46.472,30.264999,659.369995
09-Nov-2015,45.066002,30.1425,655.48999
10-Nov-2015,43.299999,29.192499,659.679993
11-Nov-2015,43.816002,29.0275,673.25
12-Nov-2015,42.588001,28.93,665.599976
13-Nov-2015,41.438,28.084999,642.349976
16-Nov-2015,42.862,28.545,647.809998
17-Nov-2015,42.799999,28.422501,643.299988
18-Nov-2015,44.214001,29.3225,663.539978
19-Nov-2015,44.360001,29.695,661.27002
20-Nov-2015,44.001999,29.825001,668.450012
23-Nov-2015,43.549999,29.4375,678.98999
24-Nov-2015,43.650002,29.719999,671.150024
25-Nov-2015,45.928001,29.5075,675.340027
27-Nov-2015,46.321999,29.452499,673.26001
30-Nov-2015,46.051998,29.575001,664.799988
01-Dec-2015,47.438,29.334999,679.059998
02-Dec-2015,46.397999,29.07,676.01001
03-Dec-2015,46.542,28.799999,666.25
04-Dec-2015,46.076,29.7575,672.640015
07-Dec-2015,46.226002,29.57,669.830017
08-Dec-2015,45.344002,29.557501,677.330017
09-Dec-2015,44.903999,28.905001,664.789978
10-Dec-2015,45.414001,29.0425,662.320007
11-Dec-2015,43.403999,28.295,640.150024
14-Dec-2015,43.716,28.120001,657.909973
15-Dec-2015,44.217999,27.622499,658.640015
16-Dec-2015,46.902,27.834999,675.77002
17-Dec-2015,46.678001,27.245001,670.650024
18-Dec-2015,46.091999,26.5075,664.140015
21-Dec-2015,46.512001,26.8325,664.51001
22-Dec-2015,45.990002,26.807501,663.150024
23-Dec-2015,45.939999,27.1525,663.700012
24-Dec-2015,46.113998,27.0075,662.789978
28-Dec-2015,45.790001,26.705,675.200012
29-Dec-2015,47.438,27.184999,693.969971
30-Dec-2015,47.618,26.83,689.070007
31-Dec-2015,48.001999,26.315001,675.890015
04-Jan-2016,44.681999,26.3375,636.98999
05-Jan-2016,44.686001,25.6775,633.789978
06-Jan-2016,43.807999,25.174999,632.650024
07-Jan-2016,43.130001,24.112499,607.940002
08-Jan-2016,42.200001,24.24,607.049988
11-Jan-2016,41.57,24.6325,617.73999
12-Jan-2016,41.993999,24.99,617.890015
13-Jan-2016,40.062,24.3475,581.809998
14-Jan-2016,41.236,24.879999,593
15-Jan-2016,40.998001,24.282499,570.179993
19-Jan-2016,40.944,24.165001,574.47998
20-Jan-2016,39.740002,24.1975,571.77002
21-Jan-2016,39.993999,24.075001,575.02002
22-Jan-2016,40.509998,25.355,596.380005
25-Jan-2016,39.276001,24.860001,596.530029
26-Jan-2016,38.712002,24.997499,601.25
27-Jan-2016,37.613998,23.355,583.349976
28-Jan-2016,37.939999,23.522499,635.349976
29-Jan-2016,38.240002,24.334999,587
01-Feb-2016,39.388,24.1075,574.809998
02-Feb-2016,36.556,23.620001,552.099976
03-Feb-2016,34.695999,24.0875,531.070007
04-Feb-2016,35.066002,24.15,536.26001
05-Feb-2016,32.52,23.504999,502.130005
08-Feb-2016,29.598,23.752501,488.100006
09-Feb-2016,29.65,23.747499,482.070007
10-Feb-2016,28.733999,23.567499,490.480011
11-Feb-2016,30.094,23.424999,503.820007
12-Feb-2016,30.208,23.497499,507.079987
16-Feb-2016,31.034,24.16,521.099976
17-Feb-2016,33.736,24.530001,534.099976
18-Feb-2016,33.354,24.065001,525
19-Feb-2016,33.316002,24.01,534.900024
22-Feb-2016,35.548,24.219999,559.5
23-Feb-2016,35.442001,23.672501,552.940002
24-Feb-2016,35.799999,24.025,554.039978
25-Feb-2016,37.486,24.190001,555.150024
26-Feb-2016,38.068001,24.227501,555.22998
29-Feb-2016,38.386002,24.172501,552.52002
01-Mar-2016,37.27,25.1325,579.039978
02-Mar-2016,37.667999,25.1875,580.210022
03-Mar-2016,39.147999,25.375,577.48999
04-Mar-2016,40.208,25.752501,575.140015
07-Mar-2016,41.057999,25.467501,562.799988
08-Mar-2016,40.52,25.2575,560.26001
09-Mar-2016,41.743999,25.280001,559.469971
10-Mar-2016,41.035999,25.2925,558.929993
11-Mar-2016,41.5,25.565001,569.609985
14-Mar-2016,43.029999,25.629999,573.369995
15-Mar-2016,43.667999,26.145,577.02002
16-Mar-2016,44.386002,26.4925,574.27002
17-Mar-2016,45.276001,26.450001,559.440002
18-Mar-2016,46.548,26.48,552.080017
21-Mar-2016,47.664001,26.477501,553.97998
22-Mar-2016,46.848,26.68,560.47998
23-Mar-2016,44.515999,26.532499,569.630005
24-Mar-2016,45.549999,26.4175,582.950012
28-Mar-2016,46.051998,26.297501,579.869995
29-Mar-2016,46.026001,26.92,593.859985
30-Mar-2016,45.377998,27.389999,598.690002
31-Mar-2016,45.953999,27.247499,593.640015
01-Apr-2016,47.518002,27.497499,598.5
04-Apr-2016,49.397999,27.780001,593.190002
05-Apr-2016,51.094002,27.452499,586.140015
06-Apr-2016,53.084,27.74,602.080017
07-Apr-2016,51.439999,27.135,591.429993
08-Apr-2016,50.014,27.165001,594.599976
11-Apr-2016,49.984001,27.254999,595.929993
12-Apr-2016,49.563999,27.610001,603.169983
13-Apr-2016,50.905998,28.01,614.820007
14-Apr-2016,50.372002,28.025,620.75
15-Apr-2016,50.902,27.4625,625.890015
18-Apr-2016,50.776001,26.870001,635.349976
19-Apr-2016,49.473999,26.727501,627.900024
20-Apr-2016,49.993999,26.782499,632.98999
21-Apr-2016,49.658001,26.4925,631
22-Apr-2016,50.75,26.42,620.5
25-Apr-2016,50.363998,26.27,626.200012
26-Apr-2016,50.748001,26.0875,616.880005
27-Apr-2016,50.293999,24.455,606.570007
28-Apr-2016,49.542,23.7075,602
29-Apr-2016,48.152,23.434999,659.590027
02-May-2016,48.360001,23.41,683.849976
03-May-2016,46.464001,23.795,671.320007
04-May-2016,44.512001,23.547501,670.900024
05-May-2016,42.306,23.309999,659.090027
06-May-2016,42.986,23.18,673.950012
09-May-2016,41.784,23.1975,679.75
10-May-2016,41.737999,23.355,703.070007
11-May-2016,41.792,23.127501,713.22998
12-May-2016,41.456001,22.584999,717.929993
13-May-2016,41.521999,22.629999,709.919983
16-May-2016,41.658001,23.469999,710.659973
17-May-2016,40.931999,23.372499,695.27002
18-May-2016,42.234001,23.639999,697.450012
19-May-2016,43.042,23.549999,698.52002
20-May-2016,44.056,23.805,702.799988
23-May-2016,43.243999,24.1075,696.75
24-May-2016,43.582001,24.475,704.200012
25-May-2016,43.916,24.905001,708.349976
26-May-2016,45.023998,25.102501,714.909973
27-May-2016,44.608002,25.0875,712.23999
31-May-2016,44.646,24.965,722.789978
01-Jun-2016,43.911999,24.615,719.440002
02-Jun-2016,43.792,24.43,728.23999
03-Jun-2016,43.798,24.48,725.539978
06-Jun-2016,44.136002,24.657499,726.72998
07-Jun-2016,46.467999,24.7575,723.73999
08-Jun-2016,47.104,24.735001,726.640015
09-Jun-2016,45.872002,24.9125,727.650024
10-Jun-2016,43.757999,24.7075,717.909973
13-Jun-2016,43.574001,24.334999,715.23999
14-Jun-2016,42.992001,24.365,719.299988
15-Jun-2016,43.540001,24.285,714.26001
16-Jun-2016,43.585999,24.387501,717.51001
17-Jun-2016,43.094002,23.8325,706.390015
20-Jun-2016,43.939999,23.775,714.01001
21-Jun-2016,43.922001,23.977501,715.820007
22-Jun-2016,39.332001,23.887501,710.599976
23-Jun-2016,39.279999,24.025,722.080017
24-Jun-2016,38.630001,23.35,698.960022
27-Jun-2016,39.709999,23.01,691.359985
28-Jun-2016,40.358002,23.397499,707.950012
29-Jun-2016,42.037998,23.6,715.599976
30-Jun-2016,42.456001,23.9,715.619995
01-Jul-2016,43.299999,23.9725,725.679993
05-Jul-2016,42.796001,23.747499,728.099976
06-Jul-2016,42.888,23.8825,737.609985
07-Jul-2016,43.188,23.985001,736.570007
08-Jul-2016,43.355999,24.17,745.809998
11-Jul-2016,44.956001,24.245001,753.780029
12-Jul-2016,44.93,24.355,748.210022
13-Jul-2016,44.506001,24.217501,742.630005
14-Jul-2016,44.306,24.6975,741.200012
15-Jul-2016,44.080002,24.695,735.440002
18-Jul-2016,45.25,24.9575,736.070007
19-Jul-2016,45.051998,24.967501,739.950012
20-Jul-2016,45.672001,24.99,745.719971
21-Jul-2016,44.099998,24.8575,744.429993
22-Jul-2016,44.453999,24.665001,744.859985
25-Jul-2016,46.001999,24.334999,739.609985
26-Jul-2016,45.902,24.1675,735.590027
27-Jul-2016,45.698002,25.737499,736.669983
28-Jul-2016,46.122002,26.084999,752.609985
29-Jul-2016,46.958,26.0525,758.809998
01-Aug-2016,46.001999,26.512501,767.73999
02-Aug-2016,45.439999,26.120001,760.580017
03-Aug-2016,45.158001,26.4475,754.640015
04-Aug-2016,46.122002,26.467501,760.77002
05-Aug-2016,46.006001,26.870001,765.97998
08-Aug-2016,45.231998,27.092501,766.559998
09-Aug-2016,45.816002,27.202499,768.309998
10-Aug-2016,45.130001,27,768.559998
11-Aug-2016,44.981998,26.9825,771.23999
12-Aug-2016,45.122002,27.045,772.559998
15-Aug-2016,45.118,27.370001,768.48999
16-Aug-2016,44.722,27.344999,764.039978
17-Aug-2016,44.647999,27.305,764.630005
18-Aug-2016,44.702,27.27,764.460022
19-Aug-2016,45,27.34,757.309998
22-Aug-2016,44.585999,27.127501,759.47998
23-Aug-2016,44.967999,27.2125,762.450012
24-Aug-2016,44.523998,27.0075,757.25
25-Aug-2016,44.192001,26.8925,759.219971
26-Aug-2016,43.998001,26.735001,769
29-Aug-2016,43.040001,26.705,771.289978
30-Aug-2016,42.268002,26.5,767.580017
31-Aug-2016,42.402,26.525,769.159973
01-Sep-2016,40.153999,26.682501,770.619995
02-Sep-2016,39.556,26.932501,772.440002
06-Sep-2016,40.566002,26.924999,788.869995
07-Sep-2016,40.341999,27.09,784.47998
08-Sep-2016,39.472,26.379999,784.059998
09-Sep-2016,38.894001,25.782499,760.140015
12-Sep-2016,39.66,26.360001,771.48999
13-Sep-2016,39.209999,26.987499,761.01001
14-Sep-2016,39.282001,27.942499,761.090027
15-Sep-2016,40.084,28.8925,769.690002
16-Sep-2016,41.080002,28.73,778.52002
19-Sep-2016,41.268002,28.395,775.099976
20-Sep-2016,40.928001,28.3925,780.219971
21-Sep-2016,41.043999,28.387501,789.73999
22-Sep-2016,41.285999,28.655001,804.700012
23-Sep-2016,41.490002,28.1775,805.75
26-Sep-2016,41.798,28.219999,799.159973
27-Sep-2016,41.161999,28.272499,816.109985
28-Sep-2016,41.254002,28.487499,828.719971
29-Sep-2016,40.139999,28.045,829.049988
30-Sep-2016,40.806,28.262501,837.309998
03-Oct-2016,42.740002,28.129999,836.73999
04-Oct-2016,42.282001,28.25,834.030029
05-Oct-2016,41.692001,28.262501,844.359985
06-Oct-2016,40.200001,28.4725,841.659973
07-Oct-2016,39.321999,28.514999,839.429993
10-Oct-2016,40.189999,29.012501,841.710022
11-Oct-2016,40.02,29.075001,831
12-Oct-2016,40.301998,29.334999,834.090027
13-Oct-2016,40.048,29.245001,829.280029
14-Oct-2016,39.301998,29.407499,822.960022
17-Oct-2016,38.792,29.387501,812.950012
18-Oct-2016,39.82,29.3675,817.650024
19-Oct-2016,40.712002,29.280001,817.690002
20-Oct-2016,39.82,29.264999,810.320007
21-Oct-2016,40.018002,29.15,818.98999
24-Oct-2016,40.551998,29.4125,838.090027
25-Oct-2016,40.467999,29.5625,835.179993
26-Oct-2016,40.448002,28.897499,822.590027
27-Oct-2016,40.801998,28.620001,818.359985
28-Oct-2016,39.993999,28.43,776.320007
31-Oct-2016,39.546001,28.385,789.820007
01-Nov-2016,38.158001,27.872499,785.409973
02-Nov-2016,37.604,27.897499,765.559998
03-Nov-2016,37.484001,27.4575,767.030029
04-Nov-2016,38.112,27.209999,755.049988
07-Nov-2016,38.641998,27.602501,784.929993
08-Nov-2016,38.987999,27.764999,787.75
09-Nov-2016,38.012001,27.719999,771.880005
10-Nov-2016,37.07,26.9475,742.380005
11-Nov-2016,37.712002,27.1075,739.01001
14-Nov-2016,36.290001,26.4275,719.070007
15-Nov-2016,36.754002,26.7775,743.23999
16-Nov-2016,36.785999,27.497499,746.48999
17-Nov-2016,37.731998,27.487499,756.400024
18-Nov-2016,37.004002,27.514999,760.159973
21-Nov-2016,36.903999,27.932501,780
22-Nov-2016,38.234001,27.950001,785.330017
23-Nov-2016,38.627998,27.807501,780.119995
25-Nov-2016,39.330002,27.9475,780.369995
28-Nov-2016,39.223999,27.8925,766.77002
29-Nov-2016,37.914001,27.865,762.52002
30-Nov-2016,37.880001,27.629999,750.570007
01-Dec-2016,36.375999,27.372499,743.650024
02-Dec-2016,36.293999,27.475,740.340027
05-Dec-2016,37.360001,27.2775,759.359985
06-Dec-2016,37.169998,27.487499,764.719971
07-Dec-2016,38.630001,27.7575,770.419983
08-Dec-2016,38.458,28.030001,767.330017
09-Dec-2016,38.436001,28.487499,768.659973
12-Dec-2016,38.486,28.325001,760.119995
13-Dec-2016,39.630001,28.797501,774.340027
14-Dec-2016,39.737999,28.797501,768.820007
15-Dec-2016,39.515999,28.955,761
16-Dec-2016,40.498001,28.9925,757.77002
19-Dec-2016,40.546001,29.16,766
20-Dec-2016,41.757999,29.237499,771.219971
21-Dec-2016,41.540001,29.264999,770.599976
22-Dec-2016,41.689999,29.0725,766.340027
23-Dec-2016,42.667999,29.129999,760.590027
27-Dec-2016,43.905998,29.315001,771.400024
28-Dec-2016,43.948002,29.190001,772.130005
29-Dec-2016,42.936001,29.182501,765.150024
30-Dec-2016,42.737999,28.955,749.869995
03-Jan-2017,43.397999,29.0375,753.669983
04-Jan-2017,45.397999,29.004999,757.179993
05-Jan-2017,45.349998,29.1525,780.450012
06-Jan-2017,45.801998,29.477501,795.98999
09-Jan-2017,46.256001,29.747499,796.919983
10-Jan-2017,45.973999,29.7775,795.900024
11-Jan-2017,45.945999,29.9375,799.02002
12-Jan-2017,45.917999,29.8125,813.640015
13-Jan-2017,47.549999,29.76,817.140015
17-Jan-2017,47.116001,30,809.719971
18-Jan-2017,47.672001,29.997499,807.47998
19-Jan-2017,48.751999,29.945,809.039978
20-Jan-2017,48.945999,30,808.330017
23-Jan-2017,49.784,30.02,817.880005
24-Jan-2017,50.922001,29.9925,822.440002
25-Jan-2017,50.894001,30.469999,836.52002
26-Jan-2017,50.501999,30.485001,839.150024
27-Jan-2017,50.59,30.487499,835.77002
30-Jan-2017,50.125999,30.407499,830.380005
31-Jan-2017,50.386002,30.3375,823.47998
01-Feb-2017,49.848,32.1875,832.349976
02-Feb-2017,50.310001,32.1325,839.950012
03-Feb-2017,50.265999,32.27,810.200012
06-Feb-2017,51.554001,32.572498,807.640015
07-Feb-2017,51.495998,32.8825,812.5
08-Feb-2017,52.416,33.009998,819.710022
09-Feb-2017,53.84,33.105,821.359985
10-Feb-2017,53.846001,33.029999,827.460022
13-Feb-2017,56.119999,33.322498,836.530029
14-Feb-2017,56.195999,33.755001,836.390015
15-Feb-2017,55.952,33.877499,842.700012
16-Feb-2017,53.790001,33.837502,844.140015
17-Feb-2017,54.445999,33.93,845.070007
21-Feb-2017,55.478001,34.174999,856.440002
22-Feb-2017,54.702,34.2775,855.609985
23-Feb-2017,51.198002,34.1325,852.190002
24-Feb-2017,51.400002,34.165001,845.23999
27-Feb-2017,49.245998,34.232498,848.640015
28-Feb-2017,49.998001,34.247501,845.039978
01-Mar-2017,50.004002,34.947498,853.080017
02-Mar-2017,50.096001,34.740002,848.909973
03-Mar-2017,50.313999,34.945,849.880005
06-Mar-2017,50.242001,34.834999,846.609985
07-Mar-2017,49.717999,34.880001,846.02002
08-Mar-2017,49.374001,34.75,850.5
09-Mar-2017,48.98,34.669998,853
10-Mar-2017,48.737999,34.785,852.460022
13-Mar-2017,49.234001,34.799999,854.590027
14-Mar-2017,51.599998,34.747501,852.530029
15-Mar-2017,51.146,35.115002,852.969971
16-Mar-2017,52.41,35.172501,853.419983
17-Mar-2017,52.299999,34.997501,852.309998
20-Mar-2017,52.383999,35.365002,856.969971
21-Mar-2017,50.136002,34.959999,843.200012
22-Mar-2017,51.001999,35.355,848.059998
23-Mar-2017,50.956001,35.23,847.380005
24-Mar-2017,52.632,35.16,845.609985
27-Mar-2017,54.043999,35.220001,846.820007
28-Mar-2017,55.490002,35.950001,856
29-Mar-2017,55.476002,36.029999,874.320007
30-Mar-2017,55.584,35.982498,876.340027
31-Mar-2017,55.66,35.915001,886.539978
03-Apr-2017,59.703999,35.924999,891.51001
04-Apr-2017,60.740002,36.192501,906.830017
05-Apr-2017,59,36.005001,909.280029
06-Apr-2017,59.740002,35.915001,898.280029
07-Apr-2017,60.507999,35.834999,894.880005
10-Apr-2017,62.478001,35.7925,907.039978
11-Apr-2017,61.742001,35.407501,902.359985
12-Apr-2017,59.368,35.450001,896.22998
13-Apr-2017,60.799999,35.262501,884.669983
17-Apr-2017,60.287998,35.4575,901.98999
18-Apr-2017,60.049999,35.299999,903.780029
19-Apr-2017,61.104,35.169998,899.200012
20-Apr-2017,60.501999,35.610001,902.059998
21-Apr-2017,61.119999,35.567501,898.530029
24-Apr-2017,61.605999,35.91,907.409973
25-Apr-2017,62.757999,36.1325,907.619995
26-Apr-2017,62.034,35.919998,909.289978
27-Apr-2017,61.726002,35.947498,918.380005
28-Apr-2017,62.813999,35.912498,924.98999
01-May-2017,64.566002,36.645,948.22998
02-May-2017,63.778,36.877499,946.940002
03-May-2017,62.203999,36.764999,941.030029
04-May-2017,59.091999,36.6325,937.530029
05-May-2017,61.669998,37.240002,934.150024
08-May-2017,61.438,38.252499,949.039978
09-May-2017,64.251999,38.497501,952.820007
10-May-2017,65.043999,38.314999,948.950012
11-May-2017,64.620003,38.487499,947.619995
12-May-2017,64.961998,39.025002,961.349976
15-May-2017,63.175999,38.924999,957.969971
16-May-2017,63.402,38.8675,966.070007
17-May-2017,61.222,37.5625,944.76001
18-May-2017,62.612,38.134998,958.48999
19-May-2017,62.166,38.264999,959.840027
22-May-2017,62.07,38.497501,970.669983
23-May-2017,60.771999,38.450001,971.539978
24-May-2017,62.043999,38.334999,980.349976
25-May-2017,63.366001,38.467499,993.380005
26-May-2017,65.028,38.4025,995.780029
30-May-2017,67.019997,38.4175,996.700012
31-May-2017,68.202003,38.189999,994.619995
01-Jun-2017,68.073997,38.294998,995.950012
02-Jun-2017,67.970001,38.862499,1006.72998
05-Jun-2017,69.463997,38.482498,1011.340027
06-Jun-2017,70.57,38.612499,1003
07-Jun-2017,71.93,38.842499,1010.070007
08-Jun-2017,74,38.747501,1010.27002
09-Jun-2017,71.463997,37.244999,978.309998
12-Jun-2017,71.802002,36.355,964.909973
13-Jun-2017,75.190002,36.647499,980.789978
14-Jun-2017,76.132004,36.290001,976.469971
15-Jun-2017,75.068001,36.072498,964.169983
16-Jun-2017,74.279999,35.567501,987.710022
19-Jun-2017,73.959999,36.584999,995.169983
20-Jun-2017,74.447998,36.252499,992.590027
21-Jun-2017,75.279999,36.467499,1002.22998
22-Jun-2017,76.522003,36.407501,1001.299988
23-Jun-2017,76.690002,36.57,1003.73999
26-Jun-2017,75.498001,36.455002,993.97998
27-Jun-2017,72.473999,35.932499,976.780029
28-Jun-2017,74.248001,36.4575,990.330017
29-Jun-2017,72.150002,35.919998,975.929993
30-Jun-2017,72.321999,36.005001,968
03-Jul-2017,70.524002,35.875,953.659973
05-Jul-2017,65.417999,36.022499,971.400024
06-Jul-2017,61.765999,35.682499,965.140015
07-Jul-2017,62.644001,36.044998,978.76001
10-Jul-2017,63.209999,36.264999,996.469971
11-Jul-2017,65.444,36.3825,994.130005
12-Jul-2017,65.903999,36.435001,1006.51001
13-Jul-2017,64.681999,36.942501,1000.630005
14-Jul-2017,65.556,37.259998,1001.809998
17-Jul-2017,63.914001,37.389999,1010.039978
18-Jul-2017,65.648003,37.52,1024.449951
19-Jul-2017,65.052002,37.755001,1026.869995
20-Jul-2017,65.984001,37.584999,1028.699951
21-Jul-2017,65.68,37.567501,1025.670044
24-Jul-2017,68.503998,38.022499,1038.949951
25-Jul-2017,67.919998,38.185001,1039.869995
26-Jul-2017,68.769997,38.365002,1052.800049
27-Jul-2017,66.891998,37.639999,1046
28-Jul-2017,67.014,37.375,1020.039978
31-Jul-2017,64.694,37.182499,987.780029
01-Aug-2017,63.914001,37.512501,996.190002
02-Aug-2017,65.178001,39.285,995.890015
03-Aug-2017,69.417999,38.892502,986.919983
04-Aug-2017,71.382004,39.0975,987.580017
07-Aug-2017,71.033997,39.702499,992.27002
08-Aug-2017,73.043999,40.02,989.840027
09-Aug-2017,72.706001,40.264999,982.01001
10-Aug-2017,71.080002,38.830002,956.919983
11-Aug-2017,71.573997,39.369999,967.98999
14-Aug-2017,72.760002,39.962502,983.299988
15-Aug-2017,72.466003,40.400002,982.73999
16-Aug-2017,72.582001,40.237499,978.179993
17-Aug-2017,70.384003,39.465,960.570007
18-Aug-2017,69.491997,39.375,958.469971
21-Aug-2017,67.571999,39.302502,953.289978
22-Aug-2017,68.269997,39.945,966.900024
23-Aug-2017,70.554001,39.994999,958
24-Aug-2017,70.585999,39.817501,952.450012
25-Aug-2017,69.610001,39.965,945.26001
28-Aug-2017,69.132004,40.3675,946.02002
29-Aug-2017,69.472,40.727501,954.059998
30-Aug-2017,70.636002,40.837502,967.590027
31-Aug-2017,71.18,41,980.599976
01-Sep-2017,71.080002,41.012501,978.25
05-Sep-2017,69.917999,40.52,965.27002
06-Sep-2017,68.905998,40.477501,967.799988
07-Sep-2017,70.122002,40.314999,979.469971
08-Sep-2017,68.68,39.657501,965.900024
11-Sep-2017,72.737999,40.375,977.960022
12-Sep-2017,72.550003,40.215,982.580017
13-Sep-2017,73.246002,39.912498,999.599976
14-Sep-2017,75.528,39.57,992.210022
15-Sep-2017,75.961998,39.970001,986.789978
18-Sep-2017,77,39.6675,974.190002
19-Sep-2017,75.019997,39.682499,969.859985
20-Sep-2017,74.781998,39.017502,973.210022
21-Sep-2017,73.295998,38.3475,964.650024
22-Sep-2017,70.218002,37.9725,955.099976
25-Sep-2017,68.998001,37.637501,939.789978
26-Sep-2017,69.050003,38.285,938.599976
27-Sep-2017,68.194,38.557499,950.869995
28-Sep-2017,67.919998,38.32,956.400024
29-Sep-2017,68.220001,38.529999,961.349976
02-Oct-2017,68.306,38.452499,959.190002
03-Oct-2017,69.627998,38.619999,957.099976
04-Oct-2017,71.001999,38.369999,965.450012
05-Oct-2017,71.066002,38.8475,980.849976
06-Oct-2017,71.375999,38.825001,989.580017
09-Oct-2017,68.587997,38.959999,990.98999
10-Oct-2017,71.117996,38.974998,987.200012
11-Oct-2017,70.919998,39.137501,995
12-Oct-2017,71.136002,39,1000.929993
13-Oct-2017,71.113998,39.247501,1002.940002
16-Oct-2017,70.120003,39.970001,1006.340027
17-Oct-2017,71.150002,40.1175,1009.130005
18-Oct-2017,71.93,39.939999,997
19-Oct-2017,70.362,38.994999,986.609985
20-Oct-2017,69.019997,39.0625,982.909973
23-Oct-2017,67.403999,39.0425,966.299988
24-Oct-2017,67.468002,39.275002,975.900024
25-Oct-2017,65.167999,39.102501,972.909973
26-Oct-2017,65.234001,39.352501,972.429993
27-Oct-2017,64.174004,40.762501,1100.949951
30-Oct-2017,64.015999,41.68,1110.849976
31-Oct-2017,66.306,42.259998,1105.280029
01-Nov-2017,64.216003,41.7225,1103.680054
02-Nov-2017,59.852001,42.0275,1094.219971
03-Nov-2017,61.217999,43.125,1111.599976
06-Nov-2017,60.556,43.5625,1120.660034
07-Nov-2017,61.209999,43.702499,1123.170044
08-Nov-2017,60.877998,44.060001,1132.880005
09-Nov-2017,60.598,43.970001,1129.130005
10-Nov-2017,60.598,43.6675,1125.349976
13-Nov-2017,63.080002,43.4925,1129.170044
14-Nov-2017,61.740002,42.834999,1136.839966
15-Nov-2017,62.259998,42.27,1126.689941
16-Nov-2017,62.5,42.775002,1137.290039
17-Nov-2017,63.009998,42.537498,1129.880005
20-Nov-2017,61.748001,42.494999,1126.310059
21-Nov-2017,63.562,43.285,1139.48999
22-Nov-2017,62.52,43.740002,1156.160034
24-Nov-2017,63.110001,43.7425,1186
27-Nov-2017,63.362,43.522499,1195.829956
28-Nov-2017,63.509998,43.267502,1193.599976
29-Nov-2017,61.507999,42.369999,1161.27002
30-Nov-2017,61.77,42.962502,1176.75
01-Dec-2017,61.306,42.762501,1162.349976
04-Dec-2017,61.040001,42.450001,1133.949951
05-Dec-2017,60.740002,42.41,1141.569946
06-Dec-2017,62.652,42.252499,1152.349976
07-Dec-2017,62.248001,42.330002,1159.790039
08-Dec-2017,63.026001,42.342499,1162
11-Dec-2017,65.781998,43.1675,1168.920044
12-Dec-2017,68.206001,42.924999,1165.079956
13-Dec-2017,67.806,43.067501,1164.130005
14-Dec-2017,67.578003,43.055,1174.26001
15-Dec-2017,68.690002,43.4925,1179.140015
18-Dec-2017,67.774002,44.105,1190.579956
19-Dec-2017,66.220001,43.634998,1187.380005
20-Dec-2017,65.795998,43.587502,1177.619995
21-Dec-2017,66.332001,43.752499,1174.76001
22-Dec-2017,65.040001,43.752499,1168.359985
26-Dec-2017,63.458,42.642502,1176.76001
27-Dec-2017,62.327999,42.650002,1182.26001
28-Dec-2017,63.071999,42.77,1186.099976
29-Dec-2017,62.27,42.307499,1169.469971
02-Jan-2018,64.106003,43.064999,1189.01001
03-Jan-2018,63.450001,43.057499,1204.199951
04-Jan-2018,62.924,43.2575,1209.589966
05-Jan-2018,63.316002,43.75,1229.140015
08-Jan-2018,67.281998,43.587502,1246.869995
09-Jan-2018,66.737999,43.5825,1252.699951
10-Jan-2018,66.959999,43.572498,1254.329956
11-Jan-2018,67.589996,43.82,1276.680054
12-Jan-2018,67.244003,44.272499,1305.199951
16-Jan-2018,68.012001,44.047501,1304.859985
17-Jan-2018,69.431999,44.775002,1295
18-Jan-2018,68.914001,44.814999,1293.319946
19-Jan-2018,70.003998,44.615002,1294.579956
22-Jan-2018,70.311996,44.25,1327.310059
23-Jan-2018,70.557999,44.259998,1362.540039
24-Jan-2018,69.178001,43.555,1357.51001
25-Jan-2018,67.528,42.7775,1377.949951
26-Jan-2018,68.57,42.877499,1402.050049
29-Jan-2018,69.905998,41.990002,1417.680054
30-Jan-2018,69.164001,41.7425,1437.819946
31-Jan-2018,70.862,41.857498,1450.890015
01-Feb-2018,69.849998,41.945,1390
02-Feb-2018,68.75,40.125,1429.949951
05-Feb-2018,66.625999,39.122501,1390
06-Feb-2018,66.793999,40.7575,1442.839966
07-Feb-2018,69,39.884998,1416.780029
08-Feb-2018,63.046001,38.787498,1350.5
09-Feb-2018,62.084,39.102501,1339.599976
12-Feb-2018,63.146,40.677502,1386.22998
13-Feb-2018,64.732002,41.084999,1414.51001
14-Feb-2018,64.461998,41.842499,1451.050049
15-Feb-2018,66.814003,43.247501,1461.76001
16-Feb-2018,67.098,43.107498,1448.689941
20-Feb-2018,66.954002,42.962502,1468.349976
21-Feb-2018,66.660004,42.767502,1482.920044
22-Feb-2018,69.234001,43.125,1485.339966
23-Feb-2018,70.410004,43.875,1500
26-Feb-2018,71.484001,44.7425,1521.949951
27-Feb-2018,70.197998,44.5975,1511.97998
28-Feb-2018,68.612,44.529999,1512.449951
01-Mar-2018,66.185997,43.75,1493.449951
02-Mar-2018,67.024002,44.052502,1500.25
05-Mar-2018,66.669998,44.205002,1523.609985
06-Mar-2018,65.639999,44.1675,1537.640015
07-Mar-2018,66.459999,43.7575,1545
08-Mar-2018,65.82,44.235001,1551.859985
09-Mar-2018,65.433998,44.994999,1578.890015
12-Mar-2018,69.101997,45.43,1598.390015
13-Mar-2018,68.367996,44.9925,1588.180054
14-Mar-2018,65.325996,44.610001,1591
15-Mar-2018,65.120003,44.662498,1582.319946
16-Mar-2018,64.269997,44.505001,1571.680054
19-Mar-2018,62.712002,43.825001,1544.930054
20-Mar-2018,62.110001,43.810001,1586.51001
21-Mar-2018,63.306,42.817501,1581.859985
22-Mar-2018,61.82,42.212502,1544.920044
23-Mar-2018,60.307999,41.235001,1495.560059
26-Mar-2018,60.835999,43.192501,1555.859985
27-Mar-2018,55.835999,42.084999,1497.050049
28-Mar-2018,51.556,41.619999,1431.420044
29-Mar-2018,53.226002,41.945,1447.339966
02-Apr-2018,50.495998,41.669998,1371.98999
03-Apr-2018,53.506001,42.0975,1392.050049
04-Apr-2018,57.388,42.9025,1410.569946
05-Apr-2018,61.144001,43.200001,1451.75
06-Apr-2018,59.860001,42.095001,1405.22998
09-Apr-2018,57.931999,42.512501,1406.079956
10-Apr-2018,60.939999,43.3125,1436.219971
11-Apr-2018,60.186001,43.110001,1427.050049
12-Apr-2018,58.816002,43.535,1448.5
13-Apr-2018,60.068001,43.682499,1430.790039
16-Apr-2018,58.242001,43.955002,1441.5
17-Apr-2018,57.537998,44.560001,1503.829956
18-Apr-2018,58.669998,44.459999,1527.839966
19-Apr-2018,60.015999,43.200001,1556.910034
20-Apr-2018,58.048,41.43,1527.48999
23-Apr-2018,56.674,41.310001,1517.859985
24-Apr-2018,56.692001,40.735001,1460.089966
25-Apr-2018,56.138,40.912498,1460.170044
26-Apr-2018,57.096001,41.055,1517.959961
27-Apr-2018,58.816002,40.580002,1572.619995
30-Apr-2018,58.779999,41.314999,1566.130005
01-May-2018,59.984001,42.275002,1582.26001
02-May-2018,60.23,44.142502,1569.680054
03-May-2018,56.889999,44.2225,1572.079956
04-May-2018,58.818001,45.9575,1580.949951
07-May-2018,60.554001,46.290001,1600.140015
08-May-2018,60.394001,46.512501,1592.390015
09-May-2018,61.369999,46.84,1608
10-May-2018,61.004002,47.509998,1609.079956
11-May-2018,60.212002,47.147499,1602.910034
14-May-2018,58.394001,47.037498,1601.540039
15-May-2018,56.835999,46.610001,1576.119995
16-May-2018,57.296001,47.044998,1587.280029
17-May-2018,56.908001,46.747501,1581.76001
18-May-2018,55.363998,46.577499,1574.369995
21-May-2018,56.897999,46.907501,1585.459961
22-May-2018,55.001999,46.790001,1581.400024
23-May-2018,55.813999,47.09,1601.859985
24-May-2018,55.57,47.037498,1603.069946
25-May-2018,55.77,47.145,1610.150024
29-May-2018,56.751999,46.974998,1612.869995
30-May-2018,58.344002,46.875,1624.890015
31-May-2018,56.945999,46.717499,1629.619995
01-Jun-2018,58.363998,47.560001,1641.540039
04-Jun-2018,59.348,47.9575,1665.27002
05-Jun-2018,58.226002,48.327499,1696.349976
06-Jun-2018,63.900002,48.494999,1695.75
07-Jun-2018,63.217999,48.365002,1689.300049
08-Jun-2018,63.532001,47.924999,1683.98999
11-Jun-2018,66.419998,47.807499,1689.119995
12-Jun-2018,68.554001,48.07,1698.75
13-Jun-2018,68.956001,47.674999,1704.859985
14-Jun-2018,71.543999,47.700001,1723.859985
15-Jun-2018,71.634003,47.209999,1715.969971
18-Jun-2018,74.166,47.185001,1723.790039
19-Jun-2018,70.510002,46.422501,1734.780029
20-Jun-2018,72.444,46.625,1750.079956
21-Jun-2018,69.501999,46.365002,1730.219971
22-Jun-2018,66.725998,46.23,1715.670044
25-Jun-2018,66.601997,45.5425,1663.150024
26-Jun-2018,68.400002,46.107498,1691.089966
27-Jun-2018,68.900002,46.040001,1660.51001
28-Jun-2018,69.986,46.375,1701.449951
29-Jun-2018,68.589996,46.2775,1699.800049
02-Jul-2018,67.014,46.794998,1713.780029
03-Jul-2018,62.172001,45.98,1693.959961
05-Jul-2018,61.832001,46.349998,1699.72998
06-Jul-2018,61.779999,46.9925,1710.630005
09-Jul-2018,63.702,47.645,1739.02002
10-Jul-2018,64.494003,47.587502,1743.069946
11-Jul-2018,63.792,46.970001,1755
12-Jul-2018,63.341999,47.7575,1796.619995
13-Jul-2018,63.773998,47.8325,1813.030029
16-Jul-2018,62.02,47.727501,1822.48999
17-Jul-2018,64.538002,47.862499,1843.930054
18-Jul-2018,64.769997,47.599998,1842.920044
19-Jul-2018,64.045998,47.970001,1812.969971
20-Jul-2018,62.716,47.860001,1813.699951
23-Jul-2018,60.639999,47.9025,1802
24-Jul-2018,59.486,48.25,1829.23999
25-Jul-2018,61.748001,48.705002,1863.609985
26-Jul-2018,61.330002,48.552502,1808
27-Jul-2018,59.436001,47.744999,1817.27002
30-Jul-2018,58.034,47.477501,1779.219971
31-Jul-2018,59.627998,47.572498,1777.439941
01-Aug-2018,60.167999,50.375,1797.170044
02-Aug-2018,69.907997,51.8475,1834.329956
03-Aug-2018,69.634003,51.997501,1823.290039
06-Aug-2018,68.398003,52.267502,1847.75
07-Aug-2018,75.914001,51.7775,1862.47998
08-Aug-2018,74.068001,51.8125,1886.52002
09-Aug-2018,70.489998,52.220001,1898.52002
10-Aug-2018,71.098,51.8825,1886.300049
13-Aug-2018,71.281998,52.217499,1896.199951
14-Aug-2018,69.528,52.4375,1919.650024
15-Aug-2018,67.737999,52.560001,1882.619995
16-Aug-2018,67.089996,53.330002,1886.52002
17-Aug-2018,61.099998,54.395,1882.219971
20-Aug-2018,61.688,53.865002,1876.709961
21-Aug-2018,64.379997,53.759998,1883.420044
22-Aug-2018,64.328003,53.762501,1904.900024
23-Aug-2018,64.019997,53.872501,1902.900024
24-Aug-2018,64.564003,54.040001,1905.390015
27-Aug-2018,63.854,54.485001,1927.680054
28-Aug-2018,62.372002,54.924999,1932.819946
29-Aug-2018,61.001999,55.744999,1998.099976
30-Aug-2018,60.630001,56.2575,2002.380005
31-Aug-2018,60.332001,56.907501,2012.709961
04-Sep-2018,57.790001,57.09,2039.51001
05-Sep-2018,56.147999,56.717499,1994.819946
06-Sep-2018,56.189999,55.775002,1958.310059
07-Sep-2018,52.647999,55.325001,1952.069946
10-Sep-2018,57.099998,54.5825,1939.01001
11-Sep-2018,55.888,55.962502,1987.150024
12-Sep-2018,58.108002,55.267502,1990
13-Sep-2018,57.891998,56.602501,1989.869995
14-Sep-2018,59.040001,55.959999,1970.189941
17-Sep-2018,58.967999,54.470001,1908.030029
18-Sep-2018,56.992001,54.560001,1941.050049
19-Sep-2018,59.804001,54.592499,1926.420044
20-Sep-2018,59.666,55.0075,1944.300049
21-Sep-2018,59.82,54.415001,1915.01001
24-Sep-2018,59.936001,55.197498,1934.359985
25-Sep-2018,60.198002,55.547501,1974.550049
26-Sep-2018,61.916,55.105,1974.849976
27-Sep-2018,61.504002,56.237499,2012.97998
28-Sep-2018,52.953999,56.435001,2003
01-Oct-2018,62.139999,56.814999,2004.359985
02-Oct-2018,60.203999,57.32,1971.310059
03-Oct-2018,58.959999,58.017502,1952.76001
04-Oct-2018,56.366001,56.997501,1909.420044
05-Oct-2018,52.389999,56.072498,1889.650024
08-Oct-2018,50.112,55.942501,1864.420044
09-Oct-2018,52.560001,56.717499,1870.319946
10-Oct-2018,51.375999,54.09,1755.25
11-Oct-2018,50.445999,53.612499,1719.359985
12-Oct-2018,51.756001,55.5275,1788.609985
15-Oct-2018,51.917999,54.34,1760.949951
16-Oct-2018,55.318001,55.537498,1819.959961
17-Oct-2018,54.355999,55.297501,1831.72998
18-Oct-2018,52.782001,54.005001,1770.719971
19-Oct-2018,52,54.827499,1764.030029
22-Oct-2018,52.189999,55.162498,1789.300049
23-Oct-2018,58.827999,55.682499,1768.699951
24-Oct-2018,57.700001,53.772499,1664.199951
25-Oct-2018,62.972,54.950001,1782.170044
26-Oct-2018,66.18,54.075001,1642.810059
29-Oct-2018,66.970001,53.060001,1538.880005
30-Oct-2018,65.980003,53.325001,1530.420044
31-Oct-2018,67.463997,54.715,1598.01001
01-Nov-2018,68.856003,55.555,1665.530029
02-Nov-2018,69.281998,51.869999,1665.530029
05-Nov-2018,68.279999,50.397499,1627.800049
06-Nov-2018,68.211998,50.942501,1642.810059
07-Nov-2018,69.632004,52.487499,1755.48999
08-Nov-2018,70.279999,52.122501,1754.910034
09-Nov-2018,70.101997,51.1175,1712.430054
12-Nov-2018,66.255997,48.5425,1636.849976
13-Nov-2018,67.746002,48.057499,1631.170044
14-Nov-2018,68.800003,46.700001,1599.01001
15-Nov-2018,69.688004,47.852501,1619.439941
16-Nov-2018,70.862,48.3825,1593.410034
19-Nov-2018,70.694,46.465,1512.290039
20-Nov-2018,69.498001,44.244999,1495.459961
21-Nov-2018,67.638,44.195,1516.72998
23-Nov-2018,65.166,43.072498,1502.060059
26-Nov-2018,69.199997,43.654999,1581.329956
27-Nov-2018,68.783997,43.560001,1581.420044
28-Nov-2018,69.573997,45.235001,1677.75
29-Nov-2018,68.234001,44.887501,1673.569946
30-Nov-2018,70.096001,44.645,1690.170044
03-Dec-2018,71.697998,46.205002,1772.359985
04-Dec-2018,71.940002,44.172501,1668.400024
06-Dec-2018,72.612,43.68,1699.189941
07-Dec-2018,71.594002,42.122501,1629.130005
10-Dec-2018,73.029999,42.400002,1641.030029
11-Dec-2018,73.351997,42.157501,1643.23999
12-Dec-2018,73.32,42.275002,1663.540039
13-Dec-2018,75.358002,42.737499,1658.380005
14-Dec-2018,73.141998,41.369999,1591.910034
17-Dec-2018,69.683998,40.985001,1520.910034
18-Dec-2018,67.405998,41.517502,1551.47998
19-Dec-2018,66.594002,40.2225,1495.079956
20-Dec-2018,63.076,39.2075,1460.829956
21-Dec-2018,63.953999,37.682499,1377.449951
24-Dec-2018,59.077999,36.7075,1343.959961
26-Dec-2018,65.218002,39.2925,1470.900024
27-Dec-2018,63.226002,39.037498,1461.640015
28-Dec-2018,66.774002,39.057499,1478.02002
31-Dec-2018,66.559998,39.435001,1501.969971
02-Jan-2019,62.023998,39.48,1539.130005
03-Jan-2019,60.071999,35.547501,1500.280029
04-Jan-2019,63.537998,37.064999,1575.390015
07-Jan-2019,66.991997,36.982498,1629.51001
08-Jan-2019,67.07,37.6875,1656.579956
09-Jan-2019,67.706001,38.327499,1659.420044
10-Jan-2019,68.994003,38.450001,1656.219971
11-Jan-2019,69.452003,38.072498,1640.560059
14-Jan-2019,66.879997,37.5,1617.209961
15-Jan-2019,68.886002,38.267502,1674.560059
16-Jan-2019,69.209999,38.735001,1683.780029
17-Jan-2019,69.461998,38.965,1693.219971
18-Jan-2019,60.452,39.205002,1696.199951
22-Jan-2019,59.784,38.325001,1632.170044
23-Jan-2019,57.518002,38.48,1640.02002
24-Jan-2019,58.301998,38.174999,1654.930054
25-Jan-2019,59.408001,39.439999,1670.569946
28-Jan-2019,59.276001,39.075001,1637.890015
29-Jan-2019,59.492001,38.669998,1593.880005
30-Jan-2019,61.754002,41.3125,1670.430054
31-Jan-2019,61.403999,41.610001,1718.72998
01-Feb-2019,62.442001,41.630001,1626.22998
04-Feb-2019,62.577999,42.8125,1633.310059
05-Feb-2019,64.269997,43.544998,1658.810059
06-Feb-2019,63.444,43.560001,1640.26001
07-Feb-2019,61.501999,42.735001,1614.369995
08-Feb-2019,61.16,42.602501,1588.219971
11-Feb-2019,62.568001,42.357498,1591
12-Feb-2019,62.362,42.7225,1638.01001
13-Feb-2019,61.633999,42.544998,1640
14-Feb-2019,60.754002,42.700001,1622.650024
15-Feb-2019,61.576,42.605,1607.949951
19-Feb-2019,61.127998,42.732498,1627.579956
20-Feb-2019,60.512001,43.0075,1622.099976
21-Feb-2019,58.245998,42.764999,1619.439941
22-Feb-2019,58.942001,43.2425,1631.560059
25-Feb-2019,59.754002,43.557499,1633
26-Feb-2019,59.571999,43.5825,1636.400024
27-Feb-2019,62.948002,43.717499,1641.089966
28-Feb-2019,63.976002,43.287498,1639.829956
01-Mar-2019,58.958,43.7425,1671.72998
04-Mar-2019,57.071999,43.962502,1696.170044
05-Mar-2019,55.307999,43.8825,1692.430054
06-Mar-2019,55.248001,43.630001,1668.949951
07-Mar-2019,55.318001,43.125,1625.949951
08-Mar-2019,56.827999,43.227501,1620.800049
11-Mar-2019,58.183998,44.724998,1670.619995
12-Mar-2019,56.672001,45.227501,1673.099976
13-Mar-2019,57.792,45.427502,1690.810059
14-Mar-2019,57.992001,45.932499,1686.219971
15-Mar-2019,55.085999,46.529999,1712.359985
18-Mar-2019,53.897999,47.005001,1742.150024
19-Mar-2019,53.493999,46.6325,1761.849976
20-Mar-2019,54.720001,47.040001,1797.27002
21-Mar-2019,54.804001,48.772499,1819.26001
22-Mar-2019,52.905998,47.762501,1764.77002
25-Mar-2019,52.084,47.185001,1774.26001
26-Mar-2019,53.554001,46.697498,1783.76001
27-Mar-2019,54.966,47.1175,1765.699951
28-Mar-2019,55.723999,47.18,1773.420044
29-Mar-2019,55.972,47.487499,1780.75
01-Apr-2019,57.835999,47.810001,1814.189941
02-Apr-2019,57.175999,48.505001,1813.97998
03-Apr-2019,58.362,48.837502,1820.699951
04-Apr-2019,53.556,48.922501,1818.859985
05-Apr-2019,54.992001,49.25,1837.280029
08-Apr-2019,54.639999,50.025002,1849.859985
09-Apr-2019,54.462002,49.875,1835.839966
10-Apr-2019,55.212002,50.154999,1847.329956
11-Apr-2019,53.683998,49.737499,1844.069946
12-Apr-2019,53.540001,49.717499,1843.060059
15-Apr-2019,53.276001,49.807499,1844.869995
16-Apr-2019,54.672001,49.8125,1863.040039
17-Apr-2019,54.245998,50.782501,1864.819946
18-Apr-2019,54.652,50.965,1861.689941
22-Apr-2019,52.549999,51.1325,1887.310059
23-Apr-2019,52.779999,51.869999,1923.77002
24-Apr-2019,51.731998,51.790001,1901.75
25-Apr-2019,49.526001,51.32,1902.25
26-Apr-2019,47.028,51.075001,1950.630005
29-Apr-2019,48.293999,51.1525,1938.430054
30-Apr-2019,47.737999,50.1675,1926.52002
01-May-2019,46.801998,52.630001,1911.52002
02-May-2019,48.82,52.287498,1900.819946
03-May-2019,51.006001,52.9375,1962.459961
06-May-2019,51.068001,52.119999,1950.550049
07-May-2019,49.411999,50.715,1921
08-May-2019,48.967999,50.724998,1917.77002
09-May-2019,48.396,50.18,1899.869995
10-May-2019,47.903999,49.294998,1889.97998
13-May-2019,45.402,46.43,1822.680054
14-May-2019,46.462002,47.165001,1840.119995
15-May-2019,46.389999,47.73,1871.150024
16-May-2019,45.666,47.52,1907.569946
17-May-2019,42.206001,47.25,1869
20-May-2019,41.071999,45.772499,1858.969971
21-May-2019,41.015999,46.650002,1857.52002
22-May-2019,38.546001,45.695,1859.680054
23-May-2019,39.098,44.915001,1815.47998
24-May-2019,38.125999,44.7425,1823.280029
28-May-2019,37.740002,44.557499,1836.430054
29-May-2019,37.972,44.345001,1819.189941
30-May-2019,37.644001,44.575001,1816.319946
31-May-2019,37.032001,43.767502,1775.069946
03-Jun-2019,35.793999,43.325001,1692.689941
04-Jun-2019,38.720001,44.91,1729.560059
05-Jun-2019,39.318001,45.634998,1738.5
06-Jun-2019,41.189999,46.305,1754.359985
07-Jun-2019,40.900002,47.537498,1804.030029
10-Jun-2019,42.576,48.145,1860.630005
11-Jun-2019,43.419998,48.702499,1863.699951
12-Jun-2019,41.852001,48.547501,1855.319946
13-Jun-2019,42.782001,48.537498,1870.300049
14-Jun-2019,42.984001,48.185001,1869.670044
17-Jun-2019,45.006001,48.4725,1886.030029
18-Jun-2019,44.948002,49.612499,1901.369995
19-Jun-2019,45.285999,49.467499,1908.790039
20-Jun-2019,43.924,49.865002,1918.189941
21-Jun-2019,44.372002,49.695,1911.300049
24-Jun-2019,44.728001,49.645,1913.900024
25-Jun-2019,43.952,48.892502,1878.27002
26-Jun-2019,43.854,49.950001,1897.829956
27-Jun-2019,44.568001,49.935001,1904.280029
28-Jun-2019,44.692001,49.48,1893.630005
01-Jul-2019,45.433998,50.387501,1922.189941
02-Jul-2019,44.91,50.682499,1934.310059
03-Jul-2019,46.98,51.102501,1939
05-Jul-2019,46.619999,51.057499,1942.910034
08-Jul-2019,46.068001,50.005001,1952.319946
09-Jul-2019,46.012001,50.310001,1988.300049
10-Jul-2019,47.784,50.807499,2017.410034
11-Jul-2019,47.720001,50.4375,2001.069946
12-Jul-2019,49.015999,50.825001,2011
15-Jul-2019,50.700001,51.302502,2020.98999
16-Jul-2019,50.476002,51.125,2009.900024
17-Jul-2019,50.972,50.837502,1992.030029
18-Jul-2019,50.708,51.415001,1977.900024
19-Jul-2019,51.636002,50.647499,1964.52002
22-Jul-2019,51.136002,51.805,1985.630005
23-Jul-2019,52.034,52.209999,1994.48999
24-Jul-2019,52.976002,52.1675,2000.810059
25-Jul-2019,45.764,51.755001,1973.819946
26-Jul-2019,45.608002,51.935001,1943.050049
29-Jul-2019,47.153999,52.419998,1912.449951
30-Jul-2019,48.452,52.195,1898.530029
31-Jul-2019,48.321999,53.259998,1866.780029
01-Aug-2019,46.77,52.107498,1855.319946
02-Aug-2019,46.868,51.005001,1823.23999
05-Aug-2019,45.664001,48.334999,1765.130005
06-Aug-2019,46.150002,49.25,1787.829956
07-Aug-2019,46.683998,49.759998,1793.400024
08-Aug-2019,47.66,50.857498,1832.890015
09-Aug-2019,47.001999,50.247501,1807.579956
12-Aug-2019,45.801998,50.119999,1784.920044
13-Aug-2019,47,52.2425,1824.339966
14-Aug-2019,43.924,50.6875,1762.959961
15-Aug-2019,43.127998,50.435001,1776.119995
16-Aug-2019,43.987999,51.625,1792.569946
19-Aug-2019,45.366001,52.587502,1816.119995
20-Aug-2019,45.172001,52.59,1801.380005
21-Aug-2019,44.166,53.16,1823.540039
22-Aug-2019,44.43,53.115002,1804.660034
23-Aug-2019,42.279999,50.66,1749.619995
26-Aug-2019,43,51.622501,1768.869995
27-Aug-2019,42.816002,51.040001,1761.829956
28-Aug-2019,43.118,51.3825,1764.25
29-Aug-2019,44.341999,52.252499,1786.400024
30-Aug-2019,45.122002,52.185001,1776.290039
03-Sep-2019,45.001999,51.424999,1789.839966
04-Sep-2019,44.136002,52.297501,1800.619995
05-Sep-2019,45.916,53.32,1840.719971
06-Sep-2019,45.490002,53.314999,1833.51001
09-Sep-2019,46.358002,53.5425,1831.349976
10-Sep-2019,47.108002,54.174999,1820.550049
11-Sep-2019,49.419998,55.897499,1822.98999
12-Sep-2019,49.174,55.772499,1843.550049
13-Sep-2019,49.040001,54.6875,1839.339966
16-Sep-2019,48.562,54.974998,1807.839966
17-Sep-2019,48.958,55.174999,1822.550049
18-Sep-2019,48.698002,55.692501,1817.459961
19-Sep-2019,49.32,55.240002,1821.5
20-Sep-2019,48.124001,54.432499,1794.160034
23-Sep-2019,48.245998,54.68,1785.300049
24-Sep-2019,44.641998,54.419998,1741.609985
25-Sep-2019,45.740002,55.2575,1768.329956
26-Sep-2019,48.512001,54.9725,1739.839966
27-Sep-2019,48.425999,54.705002,1725.449951
30-Sep-2019,48.174,55.9925,1735.910034
01-Oct-2019,48.938,56.147499,1735.650024
02-Oct-2019,48.625999,54.740002,1713.22998
03-Oct-2019,46.605999,55.205002,1724.420044
04-Oct-2019,46.285999,56.752499,1739.650024
07-Oct-2019,47.543999,56.764999,1732.660034
08-Oct-2019,48.009998,56.099998,1705.51001
09-Oct-2019,48.905998,56.7575,1721.98999
10-Oct-2019,48.948002,57.522499,1720.26001
11-Oct-2019,49.577999,59.052502,1731.920044
14-Oct-2019,51.391998,58.967499,1736.430054
15-Oct-2019,51.577999,58.830002,1767.380005
16-Oct-2019,51.950001,58.592499,1777.430054
17-Oct-2019,52.394001,58.82,1787.47998
18-Oct-2019,51.389999,59.102501,1757.51001
21-Oct-2019,50.700001,60.127499,1785.660034
22-Oct-2019,51.116001,59.990002,1765.72998
23-Oct-2019,50.936001,60.794998,1762.170044
24-Oct-2019,59.936001,60.895,1780.780029
25-Oct-2019,65.625999,61.645,1761.329956
28-Oct-2019,65.542,62.262501,1777.079956
29-Oct-2019,63.243999,60.822498,1762.709961
30-Oct-2019,63.001999,60.814999,1779.98999
31-Oct-2019,62.984001,62.189999,1776.660034
01-Nov-2019,62.661999,63.955002,1791.439941
04-Nov-2019,63.493999,64.375,1804.660034
05-Nov-2019,63.444,64.282501,1801.709961
06-Nov-2019,65.316002,64.309998,1795.77002
07-Nov-2019,67.108002,64.857498,1788.199951
08-Nov-2019,67.428001,65.035004,1785.880005
11-Nov-2019,69.017998,65.550003,1771.650024
12-Nov-2019,69.986,65.489998,1778
13-Nov-2019,69.222,66.1175,1753.109985
14-Nov-2019,69.870003,65.660004,1754.599976
15-Nov-2019,70.433998,66.440002,1739.48999
18-Nov-2019,69.998001,66.775002,1752.530029
19-Nov-2019,71.903999,66.572502,1752.790039
20-Nov-2019,70.444,65.797501,1745.530029
21-Nov-2019,70.966003,65.502502,1734.709961
22-Nov-2019,66.608002,65.445,1745.719971
25-Nov-2019,67.267998,66.592499,1773.839966
26-Nov-2019,65.783997,66.072502,1796.939941
27-Nov-2019,66.258003,66.959999,1818.51001
29-Nov-2019,65.987999,66.8125,1800.800049
02-Dec-2019,66.973999,66.040001,1781.599976
03-Dec-2019,67.239998,64.862503,1769.959961
04-Dec-2019,66.606003,65.434998,1760.689941
05-Dec-2019,66.073997,66.394997,1740.47998
06-Dec-2019,67.178001,67.677498,1751.599976
09-Dec-2019,67.905998,66.730003,1749.51001
10-Dec-2019,69.767998,67.120003,1739.209961
11-Dec-2019,70.540001,67.692497,1748.719971
12-Dec-2019,71.935997,67.864998,1760.329956
13-Dec-2019,71.678001,68.787498,1760.939941
16-Dec-2019,76.300003,69.964996,1769.209961
17-Dec-2019,75.797997,70.102501,1790.660034
18-Dec-2019,78.629997,69.934998,1784.030029
19-Dec-2019,80.807999,70.004997,1792.280029
20-Dec-2019,81.117996,69.860001,1786.5
23-Dec-2019,83.844002,71,1793
24-Dec-2019,85.050003,71.067497,1789.209961
26-Dec-2019,86.188004,72.477501,1868.77002
27-Dec-2019,86.075996,72.449997,1869.800049
30-Dec-2019,82.940002,72.879997,1846.890015
31-Dec-2019,83.666,73.412498,1847.839966
02-Jan-2020,86.052002,75.087502,1898.01001
03-Jan-2020,88.601997,74.357498,1874.969971
06-Jan-2020,90.307999,74.949997,1902.880005
07-Jan-2020,93.811996,74.597504,1906.859985
08-Jan-2020,98.428001,75.797501,1891.969971
09-Jan-2020,96.267998,77.407501,1901.050049
10-Jan-2020,95.629997,77.582497,1883.160034
13-Jan-2020,104.972,79.239998,1891.300049
14-Jan-2020,107.584,78.169998,1869.439941
15-Jan-2020,103.699997,77.834999,1862.02002
16-Jan-2020,102.697998,78.809998,1877.939941
17-Jan-2020,102.099998,79.682503,1864.719971
21-Jan-2020,109.440002,79.142502,1892
22-Jan-2020,113.912003,79.425003,1887.459961
23-Jan-2020,114.440002,79.807503,1884.579956
24-Jan-2020,112.963997,79.577499,1861.640015
27-Jan-2020,111.603996,77.237503,1828.339966
28-Jan-2020,113.379997,79.422501,1853.25
29-Jan-2020,116.197998,81.084999,1858
30-Jan-2020,128.162003,80.967499,1870.680054
31-Jan-2020,130.113998,77.377502,2008.719971
03-Feb-2020,156,77.165001,2004.199951
04-Feb-2020,177.412003,79.712502,2049.669922
05-Feb-2020,146.940002,80.362503,2039.869995
06-Feb-2020,149.792007,81.302498,2050.22998
07-Feb-2020,149.613998,80.0075,2079.280029
10-Feb-2020,154.255997,80.387497,2133.909912
11-Feb-2020,154.876007,79.902496,2150.800049
12-Feb-2020,153.457993,81.800003,2160
13-Feb-2020,160.800003,81.217499,2149.870117
14-Feb-2020,160.005997,81.237503,2134.870117
18-Feb-2020,171.679993,79.75,2155.669922
19-Feb-2020,183.483994,80.904999,2170.219971
20-Feb-2020,179.882004,80.074997,2153.100098
21-Feb-2020,180.199997,78.262497,2095.969971
24-Feb-2020,166.757996,74.544998,2009.290039
25-Feb-2020,159.981995,72.019997,1972.73999
26-Feb-2020,155.759995,73.162498,1979.589966
27-Feb-2020,135.800003,68.379997,1884.300049
28-Feb-2020,133.598007,68.339996,1883.75
02-Mar-2020,148.723999,74.702499,1953.949951
03-Mar-2020,149.102005,72.330002,1908.98999
04-Mar-2020,149.899994,75.684998,1975.829956
05-Mar-2020,144.908005,73.230003,1924.030029
06-Mar-2020,140.695999,72.2575,1901.089966
09-Mar-2020,121.599998,66.542503,1800.609985
10-Mar-2020,129.065994,71.334999,1891.819946
11-Mar-2020,126.846001,68.857498,1820.859985
12-Mar-2020,112.110001,62.057499,1676.609985
13-Mar-2020,109.323997,69.4925,1785
16-Mar-2020,89.014,60.552502,1689.150024
17-Mar-2020,86.040001,63.215,1807.839966
18-Mar-2020,72.244003,61.6675,1830
19-Mar-2020,85.528,61.195,1880.930054
20-Mar-2020,85.505997,57.310001,1846.089966
23-Mar-2020,86.858002,56.092499,1902.829956
24-Mar-2020,101,61.720001,1940.099976
25-Mar-2020,107.849998,61.380001,1885.839966
26-Mar-2020,105.632004,64.610001,1955.48999
27-Mar-2020,102.872002,61.935001,1900.099976
30-Mar-2020,100.426003,63.702499,1963.949951
31-Mar-2020,104.800003,63.572498,1949.719971
01-Apr-2020,96.311996,60.227501,1907.699951
02-Apr-2020,90.893997,61.232498,1918.829956
03-Apr-2020,96.001999,60.352501,1906.589966
06-Apr-2020,103.248001,65.6175,1997.589966
07-Apr-2020,109.089996,64.857498,2011.599976
08-Apr-2020,109.767998,66.517502,2043
09-Apr-2020,114.599998,66.997498,2042.76001
13-Apr-2020,130.190002,68.3125,2168.870117
14-Apr-2020,141.977997,71.762497,2283.320068
15-Apr-2020,145.966003,71.107498,2307.679932
16-Apr-2020,149.042007,71.672501,2408.189941
17-Apr-2020,150.778,70.699997,2375
20-Apr-2020,149.272003,69.232498,2393.610107
21-Apr-2020,137.343994,67.092499,2328.120117
22-Apr-2020,146.421997,69.025002,2363.48999
23-Apr-2020,141.126007,68.7575,2399.449951
24-Apr-2020,145.029999,70.7425,2410.219971
27-Apr-2020,159.75,70.792503,2376
28-Apr-2020,153.824005,69.644997,2314.080078
29-Apr-2020,160.102005,71.932503,2372.709961
30-Apr-2020,156.376007,73.449997,2474
01-May-2020,140.264008,72.267502,2286.040039
04-May-2020,152.238007,73.290001,2315.98999
05-May-2020,153.641998,74.389999,2317.800049
06-May-2020,156.516006,75.157501,2351.26001
07-May-2020,156.007996,75.934998,2367.610107
08-May-2020,163.884003,77.532501,2379.610107
11-May-2020,162.257996,78.752502,2409
12-May-2020,161.882004,77.852501,2356.949951
13-May-2020,158.192001,76.912498,2367.919922
14-May-2020,160.666,77.385002,2388.850098
15-May-2020,159.834,76.927498,2409.780029
18-May-2020,162.725998,78.739998,2426.26001
19-May-2020,161.602005,78.285004,2449.330078
20-May-2020,163.112,79.807503,2497.939941
21-May-2020,165.520004,79.212502,2446.73999
22-May-2020,163.376007,79.722504,2436.879883
26-May-2020,163.774002,79.182503,2421.860107
27-May-2020,164.046005,79.527496,2410.389893
28-May-2020,161.162003,79.5625,2401.100098
29-May-2020,167,79.485001,2442.370117
01-Jun-2020,179.619995,80.462502,2471.040039
02-Jun-2020,176.311996,80.834999,2472.409912
03-Jun-2020,176.591995,81.279999,2478.399902
04-Jun-2020,172.876007,80.580002,2460.600098
05-Jun-2020,177.132004,82.875,2483
08-Jun-2020,189.983994,83.364998,2524.060059
09-Jun-2020,188.134003,85.997498,2600.860107
10-Jun-2020,205.009995,88.209999,2647.449951
11-Jun-2020,194.567993,83.974998,2557.959961
12-Jun-2020,187.056,84.699997,2545.02002
15-Jun-2020,198.179993,85.747498,2572.679932
16-Jun-2020,196.425995,88.019997,2615.27002
17-Jun-2020,198.358002,87.897499,2640.97998
18-Jun-2020,200.792007,87.932503,2653.97998
19-Jun-2020,200.179993,87.43,2675.01001
22-Jun-2020,198.863998,89.717499,2713.820068
23-Jun-2020,200.356003,91.6325,2764.409912
24-Jun-2020,192.169998,90.014999,2734.399902
25-Jun-2020,197.195999,91.209999,2754.580078
26-Jun-2020,191.947998,88.407501,2692.870117
29-Jun-2020,201.869995,90.445,2680.379883
30-Jun-2020,215.962006,91.199997,2758.820068
01-Jul-2020,223.925995,91.027496,2878.699951
02-Jul-2020,241.731995,91.027496,2890.300049
06-Jul-2020,274.31601,93.462502,3057.040039
07-Jul-2020,277.971985,93.172501,3000.120117
08-Jul-2020,273.175995,95.342499,3081.110107
09-Jul-2020,278.855988,95.752502,3182.629883
10-Jul-2020,308.929993,95.919998,3200
13-Jul-2020,299.411987,95.477501,3104
14-Jul-2020,303.359985,97.057503,3084
15-Jul-2020,309.201996,97.724998,3008.870117
16-Jul-2020,300.127991,96.522499,2999.899902
17-Jul-2020,300.167999,96.327499,2961.969971
20-Jul-2020,328.600006,98.357498,3196.840088
21-Jul-2020,313.671997,97,3138.290039
22-Jul-2020,318.466003,97.272499,3099.909912
23-Jul-2020,302.614014,92.845001,2986.550049
24-Jul-2020,283.399994,92.614998,3008.909912
27-Jul-2020,307.920013,94.809998,3055.209961
28-Jul-2020,295.298004,93.252502,3000.330078
29-Jul-2020,299.821991,95.040001,3033.530029
30-Jul-2020,297.497986,96.190002,3051.879883
31-Jul-2020,286.152008,106.260002,3164.679932
03-Aug-2020,297,108.9375,3111.889893
04-Aug-2020,297.399994,109.665001,3138.830078
05-Aug-2020,297.003998,110.0625,3205.030029
06-Aug-2020,297.915985,113.902496,3225
07-Aug-2020,290.541992,111.112503,3167.459961
10-Aug-2020,283.713989,112.727501,3148.159912
11-Aug-2020,274.877991,109.375,3080.669922
12-Aug-2020,310.951996,113.010002,3162.23999
13-Aug-2020,324.200012,115.010002,3161.02002
14-Aug-2020,330.141998,114.907501,3148.02002
17-Aug-2020,367.127991,114.607498,3182.409912
18-Aug-2020,377.417999,115.5625,3312.48999
19-Aug-2020,375.705994,115.707497,3260.47998
20-Aug-2020,400.365997,118.275002,3297.370117
21-Aug-2020,409.996002,124.370003,3284.719971
24-Aug-2020,402.839996,125.857498,3307.459961
25-Aug-2020,404.667999,124.824997,3346.48999
26-Aug-2020,430.634003,126.522499,3441.850098
27-Aug-2020,447.75,125.010002,3400
28-Aug-2020,442.679993,124.807503,3401.800049
31-Aug-2020,498.320007,129.039993,3450.959961
01-Sep-2020,475.049988,134.179993,3499.120117
02-Sep-2020,447.369995,131.399994,3531.449951
03-Sep-2020,407,120.879997,3368
04-Sep-2020,418.320007,120.959999,3294.620117
08-Sep-2020,330.209991,112.82,3149.840088
09-Sep-2020,366.279999,117.32,3268.610107
10-Sep-2020,371.339996,113.489998,3175.110107
11-Sep-2020,372.720001,112,3116.219971
14-Sep-2020,419.619995,115.360001,3102.969971
15-Sep-2020,449.76001,115.540001,3156.129883
16-Sep-2020,441.76001,112.129997,3078.100098
17-Sep-2020,423.429993,110.339996,3008.72998
18-Sep-2020,442.149994,106.839996,2954.909912
21-Sep-2020,449.390015,110.080002,2960.469971
22-Sep-2020,424.230011,111.809998,3128.98999
23-Sep-2020,380.359985,107.120003,2999.860107
24-Sep-2020,387.790009,108.220001,3019.790039
25-Sep-2020,407.339996,112.279999,3095.129883
28-Sep-2020,421.200012,114.959999,3174.050049
29-Sep-2020,419.070007,114.089996,3144.879883
30-Sep-2020,429.01001,115.809998,3148.72998
01-Oct-2020,448.160004,116.790001,3221.26001
02-Oct-2020,415.089996,113.019997,3125
05-Oct-2020,425.679993,116.5,3199.199951
06-Oct-2020,413.980011,113.160004,3099.959961
07-Oct-2020,425.299988,115.080002,3195.689941
08-Oct-2020,425.920013,114.970001,3190.550049
09-Oct-2020,434,116.970001,3286.649902
12-Oct-2020,442.299988,124.400002,3442.929932
13-Oct-2020,446.649994,121.099998,3443.629883
14-Oct-2020,461.299988,121.190002,3363.709961
15-Oct-2020,448.880005,120.709999,3338.649902
16-Oct-2020,439.670013,119.019997,3272.709961
19-Oct-2020,430.829987,115.980003,3207.209961
20-Oct-2020,421.940002,117.510002,3217.01001
21-Oct-2020,422.640015,116.870003,3184.939941
22-Oct-2020,425.790009,115.75,3176.399902
23-Oct-2020,420.630005,115.040001,3204.399902
26-Oct-2020,420.279999,115.050003,3207.040039
27-Oct-2020,424.679993,116.599998,3286.330078
28-Oct-2020,406.019989,111.199997,3162.780029
29-Oct-2020,410.829987,115.32,3211.01001
30-Oct-2020,388.040009,108.860001,3036.149902
02-Nov-2020,400.51001,108.769997,3004.47998
03-Nov-2020,423.899994,110.440002,3048.409912
04-Nov-2020,420.980011,114.949997,3241.159912
05-Nov-2020,438.089996,119.029999,3322
06-Nov-2020,429.950012,118.690002,3311.370117
09-Nov-2020,421.26001,116.32,3143.73999
10-Nov-2020,410.359985,115.970001,3035.02002
11-Nov-2020,417.130005,119.489998,3137.389893
12-Nov-2020,411.76001,119.209999,3110.280029
13-Nov-2020,408.5,119.260002,3128.810059
16-Nov-2020,408.089996,120.300003,3131.060059
17-Nov-2020,441.609985,119.389999,3135.659912
18-Nov-2020,486.640015,118.029999,3105.459961
19-Nov-2020,499.269989,118.639999,3117.02002
20-Nov-2020,489.609985,117.339996,3099.399902
23-Nov-2020,521.849976,113.849998,3098.389893
24-Nov-2020,555.380005,115.169998,3118.060059
25-Nov-2020,574,116.029999,3185.070068
27-Nov-2020,585.76001,116.589996,3195.340088
30-Nov-2020,567.599976,119.050003,3168.040039
01-Dec-2020,584.76001,122.720001,3220.080078
02-Dec-2020,568.820007,123.080002,3203.530029
03-Dec-2020,593.380005,122.940002,3186.72998
04-Dec-2020,599.039978,122.25,3162.580078
07-Dec-2020,641.76001,123.75,3158
08-Dec-2020,649.880005,124.379997,3177.290039
09-Dec-2020,604.47998,121.779999,3104.199951
10-Dec-2020,627.070007,123.239998,3101.48999
11-Dec-2020,609.98999,122.410004,3116.419922
14-Dec-2020,639.830017,121.779999,3156.969971
15-Dec-2020,633.25,127.879997,3165.120117
16-Dec-2020,622.77002,127.809998,3240.959961
17-Dec-2020,655.900024,128.699997,3236.080078
18-Dec-2020,695,126.660004,3201.649902
21-Dec-2020,649.859985,128.229996,3206.179932
22-Dec-2020,640.340027,131.880005,3206.52002
23-Dec-2020,645.97998,130.960007,3185.27002
24-Dec-2020,661.77002,131.970001,3172.689941
28-Dec-2020,663.690002,136.690002,3283.959961
29-Dec-2020,665.98999,134.869995,3322
30-Dec-2020,694.780029,133.720001,3285.850098
31-Dec-2020,705.669983,132.690002,3256.929932
04-Jan-2021,729.77002,129.410004,3186.629883
05-Jan-2021,735.109985,131.009995,3218.51001
06-Jan-2021,755.97998,126.599998,3138.379883
07-Jan-2021,816.039978,130.919998,3162.159912
08-Jan-2021,880.02002,132.050003,3182.699951
11-Jan-2021,811.190002,128.979996,3114.209961
12-Jan-2021,849.440002,128.800003,3120.830078
13-Jan-2021,854.409973,130.889999,3165.889893
14-Jan-2021,845,128.910004,3127.469971
15-Jan-2021,826.159973,127.139999,3104.25
19-Jan-2021,844.549988,127.830002,3120.76001
20-Jan-2021,850.450012,132.029999,3263.379883
21-Jan-2021,844.98999,136.869995,3306.98999
22-Jan-2021,846.640015,139.070007,3292.22998
25-Jan-2021,880.799988,142.919998,3294
26-Jan-2021,883.090027,143.160004,3326.129883
27-Jan-2021,864.159973,142.059998,3232.580078
28-Jan-2021,835.429993,137.089996,3237.620117
29-Jan-2021,793.530029,131.960007,3206.199951
01-Feb-2021,839.809998,134.139999,3342.879883
02-Feb-2021,872.789978,134.990005,3380
03-Feb-2021,854.690002,133.940002,3312.530029
04-Feb-2021,849.98999,137.389999,3331
05-Feb-2021,852.22998,136.759995,3352.149902
08-Feb-2021,863.419983,136.910004,3322.939941
09-Feb-2021,849.460022,136.009995,3305
10-Feb-2021,804.820007,135.389999,3286.580078
11-Feb-2021,811.659973,135.130005,3262.129883
12-Feb-2021,816.119995,135.369995,3277.709961
16-Feb-2021,796.219971,133.190002,3268.949951
17-Feb-2021,798.150024,130.839996,3308.639893
18-Feb-2021,787.380005,129.710007,3328.22998
19-Feb-2021,781.299988,129.869995,3249.899902
22-Feb-2021,714.5,126,3180.73999
23-Feb-2021,698.840027,125.860001,3194.5
24-Feb-2021,742.02002,125.349998,3159.530029
25-Feb-2021,682.219971,120.989998,3057.159912
26-Feb-2021,675.5,121.260002,3092.929932
01-Mar-2021,718.429993,127.790001,3146.139893
02-Mar-2021,686.440002,125.120003,3094.530029
03-Mar-2021,653.200012,122.059998,3005
04-Mar-2021,621.440002,120.129997,2977.570068
05-Mar-2021,597.950012,121.419998,3000.459961
08-Mar-2021,563,116.360001,2951.949951
09-Mar-2021,673.580017,121.089996,3062.850098
10-Mar-2021,668.059998,119.980003,3057.639893
11-Mar-2021,699.599976,121.959999,3113.590088
12-Mar-2021,693.72998,121.029999,3089.48999
15-Mar-2021,707.940002,123.989998,3081.679932
16-Mar-2021,676.880005,125.57,3091.860107
17-Mar-2021,701.809998,124.760002,3135.72998
18-Mar-2021,653.159973,120.529999,3027.98999
19-Mar-2021,654.869995,119.989998,3074.959961
22-Mar-2021,670,123.389999,3110.870117
23-Mar-2021,662.159973,122.540001,3137.5
24-Mar-2021,630.27002,120.089996,3087.070068
25-Mar-2021,640.390015,120.589996,3046.26001
26-Mar-2021,618.710022,121.209999,3052.030029
29-Mar-2021,611.289978,121.389999,3075.72998
30-Mar-2021,635.619995,119.900002,3055.290039
31-Mar-2021,667.929993,122.150002,3094.080078
01-Apr-2021,661.75,123,3161
05-Apr-2021,691.049988,125.900002,3226.72998
06-Apr-2021,691.619995,126.209999,3223.820068
07-Apr-2021,670.969971,127.900002,3279.389893
08-Apr-2021,683.799988,130.360001,3299.300049
09-Apr-2021,677.02002,133,3372.199951
12-Apr-2021,701.97998,131.240005,3379.389893
13-Apr-2021,762.320007,134.429993,3400
14-Apr-2021,732.22998,132.029999,3333
15-Apr-2021,738.849976,134.5,3379.090088
16-Apr-2021,739.780029,134.160004,3399.439941
19-Apr-2021,714.630005,134.839996,3372.01001
20-Apr-2021,718.98999,133.110001,3334.689941
21-Apr-2021,744.119995,133.5,3362.02002
22-Apr-2021,719.690002,131.940002,3309.040039
23-Apr-2021,729.400024,134.320007,3340.879883
26-Apr-2021,738.200012,134.720001,3409
27-Apr-2021,704.73999,134.389999,3417.429932
28-Apr-2021,694.400024,133.580002,3458.5
29-Apr-2021,677,133.479996,3471.310059
30-Apr-2021,709.440002,131.460007,3467.419922
03-May-2021,684.900024,132.539993,3386.48999
04-May-2021,673.599976,127.849998,3311.870117
05-May-2021,670.940002,128.100006,3270.540039
06-May-2021,663.539978,129.740005,3306.370117
07-May-2021,672.369995,130.210007,3291.610107
10-May-2021,629.039978,126.849998,3190.48999
11-May-2021,617.200012,125.910004,3223.909912
12-May-2021,589.890015,122.769997,3151.939941
13-May-2021,571.690002,124.970001,3161.469971
14-May-2021,589.73999,127.449997,3222.899902
17-May-2021,576.830017,126.269997,3270.389893
18-May-2021,577.869995,124.849998,3232.280029
19-May-2021,563.460022,124.690002,3231.800049
20-May-2021,586.780029,127.309998,3247.679932
21-May-2021,580.880005,125.43,3203.080078
24-May-2021,606.440002,127.099998,3244.98999
25-May-2021,604.690002,126.900002,3259.050049
26-May-2021,619.130005,126.849998,3265.159912
27-May-2021,630.849976,125.279999,3230.110107
28-May-2021,625.219971,124.610001,3223.070068
01-Jun-2021,623.900024,124.279999,3218.649902
02-Jun-2021,605.119995,125.059998,3233.98999
03-Jun-2021,572.840027,123.540001,3187.01001
04-Jun-2021,599.049988,125.889999,3206.219971
07-Jun-2021,605.130005,125.900002,3198.01001
08-Jun-2021,603.590027,126.739998,3264.110107
09-Jun-2021,598.780029,127.129997,3281.149902
10-Jun-2021,610.119995,126.110001,3349.649902
11-Jun-2021,609.890015,127.349998,3346.830078
14-Jun-2021,617.690002,130.479996,3383.870117
15-Jun-2021,599.359985,129.639999,3383.129883
16-Jun-2021,604.869995,130.149994,3415.25
17-Jun-2021,616.599976,131.789993,3489.23999
18-Jun-2021,623.309998,130.460007,3486.899902
21-Jun-2021,620.830017,132.300003,3453.959961
22-Jun-2021,623.710022,133.979996,3505.439941
23-Jun-2021,656.570007,133.699997,3503.820068
24-Jun-2021,679.820007,133.410004,3449.080078
25-Jun-2021,671.869995,133.110001,3401.459961
28-Jun-2021,688.719971,134.779999,3443.889893
29-Jun-2021,680.76001,136.330002,3448.139893
30-Jun-2021,679.700012,136.960007,3440.159912
01-Jul-2021,677.919983,137.270004,3432.969971
02-Jul-2021,678.900024,139.960007,3510.97998
06-Jul-2021,659.580017,142.020004,3675.73999
07-Jul-2021,644.650024,144.570007,3696.580078
08-Jul-2021,652.809998,143.240005,3731.409912
09-Jul-2021,656.950012,145.110001,3719.340088
12-Jul-2021,685.700012,144.5,3718.550049
13-Jul-2021,668.539978,145.639999,3677.360107
14-Jul-2021,653.380005,149.149994,3681.679932
15-Jul-2021,650.599976,148.479996,3631.199951
16-Jul-2021,644.219971,146.389999,3573.629883
19-Jul-2021,646.219971,142.449997,3549.590088
20-Jul-2021,660.5,146.149994,3573.189941
21-Jul-2021,655.289978,145.399994,3585.199951
22-Jul-2021,649.26001,146.800003,3638.030029
23-Jul-2021,643.380005,148.559998,3656.639893
26-Jul-2021,657.619995,148.990005,3699.820068
27-Jul-2021,644.780029,146.770004,3626.389893
28-Jul-2021,646.97998,144.979996,3630.320068
29-Jul-2021,677.349976,145.639999,3599.919922
30-Jul-2021,687.200012,145.860001,3327.590088
02-Aug-2021,709.669983,145.520004,3331.47998
03-Aug-2021,709.73999,147.360001,3366.23999
04-Aug-2021,710.919983,146.949997,3354.719971
05-Aug-2021,714.630005,147.059998,3375.98999
06-Aug-2021,699.099976,146.139999,3344.939941
09-Aug-2021,713.76001,146.089996,3341.870117
10-Aug-2021,709.98999,145.600006,3320.679932
11-Aug-2021,707.820007,145.860001,3292.110107
12-Aug-2021,722.25,148.889999,3303.5
13-Aug-2021,717.169983,149.100006,3293.969971
16-Aug-2021,686.169983,151.119995,3298.98999
17-Aug-2021,665.710022,150.190002,3241.959961
18-Aug-2021,688.98999,146.360001,3201.219971
19-Aug-2021,673.469971,146.699997,3187.75
20-Aug-2021,680.26001,148.190002,3199.949951
23-Aug-2021,706.299988,149.710007,3265.870117
24-Aug-2021,708.48999,149.619995,3305.780029
25-Aug-2021,711.200012,148.360001,3299.179932
26-Aug-2021,701.159973,147.539993,3316
27-Aug-2021,711.919983,148.600006,3349.629883
30-Aug-2021,730.909973,153.119995,3421.570068
31-Aug-2021,735.719971,151.830002,3470.790039
01-Sep-2021,734.090027,152.509995,3479
02-Sep-2021,732.390015,153.649994,3463.120117
03-Sep-2021,733.570007,154.300003,3478.050049
07-Sep-2021,752.919983,156.690002,3509.290039
08-Sep-2021,753.869995,155.110001,3525.5
09-Sep-2021,754.859985,154.070007,3484.159912
10-Sep-2021,736.27002,148.970001,3469.149902
13-Sep-2021,743,149.550003,3457.169922
14-Sep-2021,744.48999,148.119995,3450
15-Sep-2021,755.830017,149.029999,3475.790039
16-Sep-2021,756.98999,148.789993,3488.23999
17-Sep-2021,759.48999,146.059998,3462.52002
20-Sep-2021,730.169983,142.940002,3355.72998
21-Sep-2021,739.380005,143.429993,3343.629883
22-Sep-2021,751.940002,145.850006,3380.050049
23-Sep-2021,753.640015,146.830002,3416
24-Sep-2021,774.390015,146.919998,3425.52002
27-Sep-2021,791.359985,145.369995,3405.800049
28-Sep-2021,777.559998,141.910004,3315.959961
29-Sep-2021,781.309998,142.830002,3301.120117
30-Sep-2021,775.47998,141.5,3285.040039
01-Oct-2021,775.219971,142.649994,3283.26001
04-Oct-2021,781.530029,139.139999,3189.780029
05-Oct-2021,780.590027,141.110001,3221
06-Oct-2021,782.75,142,3262.01001
07-Oct-2021,793.609985,143.289993,3302.429932
08-Oct-2021,785.48999,142.899994,3288.620117
11-Oct-2021,791.940002,142.809998,3246.300049
12-Oct-2021,805.719971,141.509995,3247.330078
13-Oct-2021,811.080017,140.910004,3284.280029
14-Oct-2021,818.320007,143.759995,3299.860107
15-Oct-2021,843.030029,144.839996,3409.02002
18-Oct-2021,870.109985,146.550003,3446.73999
19-Oct-2021,864.27002,148.759995,3444.149902
20-Oct-2021,865.799988,149.259995,3415.060059
21-Oct-2021,894,149.479996,3435.01001
22-Oct-2021,909.679993,148.690002,3335.550049
25-Oct-2021,1024.859985,148.639999,3320.370117
26-Oct-2021,1018.429993,149.320007,3376.070068
27-Oct-2021,1037.859985,148.850006,3392.48999
28-Oct-2021,1077.040039,152.570007,3446.570068
29-Oct-2021,1114,149.800003,3372.429932
01-Nov-2021,1208.589966,148.960007,3318.110107
02-Nov-2021,1172,150.020004,3312.75
03-Nov-2021,1213.859985,151.490005,3384
04-Nov-2021,1229.910034,150.960007,3477
05-Nov-2021,1222.089966,151.279999,3518.98999
08-Nov-2021,1162.939941,150.440002,3488.97998
09-Nov-2021,1023.5,150.809998,3576.22998
10-Nov-2021,1067.949951,147.919998,3482.050049
11-Nov-2021,1063.51001,147.869995,3472.5
12-Nov-2021,1033.420044,149.990005,3525.149902
15-Nov-2021,1013.390015,150,3545.679932
16-Nov-2021,1054.72998,151,3540.699951
17-Nov-2021,1089.01001,153.490005,3549
18-Nov-2021,1096.380005,157.869995,3696.060059
19-Nov-2021,1137.060059,160.550003,3676.570068
22-Nov-2021,1156.869995,161.020004,3572.570068
23-Nov-2021,1109.030029,161.410004,3580.040039
24-Nov-2021,1116,161.940002,3580.409912
26-Nov-2021,1081.920044,156.809998,3504.560059
29-Nov-2021,1136.98999,160.240005,3561.570068
30-Nov-2021,1144.76001,165.300003,3507.070068
01-Dec-2021,1095,164.770004,3443.719971
02-Dec-2021,1084.599976,163.759995,3437.360107
03-Dec-2021,1014.969971,161.839996,3389.790039
06-Dec-2021,1009.01001,165.320007,3427.370117
07-Dec-2021,1051.75,171.179993,3523.290039
08-Dec-2021,1068.959961,175.080002,3523.159912
09-Dec-2021,1003.799988,174.559998,3483.419922
10-Dec-2021,1017.030029,179.449997,3444.23999
13-Dec-2021,966.409973,175.740005,3391.350098
14-Dec-2021,958.51001,174.330002,3381.830078
15-Dec-2021,975.98999,179.300003,3466.300049
16-Dec-2021,926.919983,172.259995,3377.419922
17-Dec-2021,932.570007,171.139999,3400.350098
20-Dec-2021,899.940002,169.75,3341.580078
21-Dec-2021,938.530029,172.990005,3408.340088
22-Dec-2021,1008.869995,175.639999,3420.73999
23-Dec-2021,1067,176.279999,3421.370117
